,image,name,price,link,brand
0,http://i.ngimg.com/resources/nastygal/images/products/processed/74592.0.browse-l.jpg,Nasty Gal Take the Strap Metallic Heel - Pewter,$68.00,http://www.nastygal.com/shoes/nasty-gal-take-the-strap-metallic-heel--pewter,Nasty Gal
1,http://i.ngimg.com/resources/nastygal/images/products/processed/72271.0.browse-l.jpg,Nasty Gal Take the Strap Metallic Heel - Silver,$68.00,http://www.nastygal.com/shoes/nasty-gal-take-the-strap-metallic-heel--silver,Nasty Gal
2,http://i.ngimg.com/resources/nastygal/images/products/processed/72270.0.browse-l.jpg,Nasty Gal Take the Strap Metallic Heel - Gold,$68.00,http://www.nastygal.com/shoes/nasty-gal-take-the-strap-metallic-heel--gold,Nasty Gal
3,http://i.ngimg.com/resources/nastygal/images/products/processed/72206.0.browse-l.jpg,Nasty Gal Evelyn Glitter Heel,$108.00,http://www.nastygal.com/shoes/nasty-gal-evelyn-glitter-heel,Nasty Gal
4,http://i.ngimg.com/resources/nastygal/images/products/processed/72212.0.browse-l.jpg,Nasty Gal Angela Wedge Heel,$108.00,http://www.nastygal.com/shoes/nasty-gal-angela-wedge-heel,Nasty Gal
5,http://i.ngimg.com/resources/nastygal/images/products/processed/74586.0.browse-l.jpg,Jeffrey Campbell Obus Leather Heel,$185.00,http://www.nastygal.com/shoes/jeffrey-campbell-obus-leather-heel,Nasty Gal
6,http://i.ngimg.com/resources/nastygal/images/products/processed/69336.0.browse-l.jpg,Shellys London Tami Leather Platform,$140.00,http://www.nastygal.com/shoes/shellys-london-tami-leather-platform,Nasty Gal
7,http://i.ngimg.com/resources/nastygal/images/products/processed/68865.0.browse-l.jpg,Jeffrey Campbell Bernice Metallic Heel,$155.00,http://www.nastygal.com/shoes/jeffrey-campbell-bernice-metallic-heel,Nasty Gal
8,http://i.ngimg.com/resources/nastygal/images/products/processed/75446.0.browse-l.jpg,Privileged Rainier Glitter Heel,$128.00,http://www.nastygal.com/shoes/privileged-rainier-glitter-heel,Nasty Gal
9,http://i.ngimg.com/resources/nastygal/images/products/processed/75448.0.browse-l.jpg,Privileged Frill Pom Pom Bootie,$112.00,http://www.nastygal.com/shoes/privileged-frill-pom-pom-bootie,Nasty Gal
10,http://i.ngimg.com/resources/nastygal/images/products/processed/74576.0.browse-l.jpg,Jeffrey Campbell Soiree Rhinestone Heel,$155.00,http://www.nastygal.com/shoes/jeffrey-campbell-soiree-rhinestone-heel,Nasty Gal
11,http://i.ngimg.com/resources/nastygal/images/products/processed/72902.0.browse-l.jpg,Heaven Knows Rhinestone Heel,$98.00,http://www.nastygal.com/shoes/heaven-knows-rhinestone-heel,Nasty Gal
12,http://i.ngimg.com/resources/nastygal/images/products/processed/70824.0.browse-l.jpg,Glamorous Standby Vegan Leather Heel,$55.00,http://www.nastygal.com/shoes/glamorous-standby-vegan-leather-heel,Nasty Gal
13,http://i.ngimg.com/resources/nastygal/images/products/processed/69694.0.browse-l.jpg,Privileged Cielo Tassel Heel,$128.00,http://www.nastygal.com/shoes/privileged-cielo-tassel-heel,Nasty Gal
14,http://i.ngimg.com/resources/nastygal/images/products/processed/72210.0.browse-l.jpg,Privileged Spike Out Metallic Platform,$108.00,http://www.nastygal.com/shoes/privileged-spike-out-metallic-platform,Nasty Gal
15,http://i.ngimg.com/resources/nastygal/images/products/processed/67758.0.browse-l.jpg,Sti√π Argo Leather Platform,$164.00,http://www.nastygal.com/shoes/stiu-argo-leather-platform,Nasty Gal
16,http://i.ngimg.com/resources/nastygal/images/products/processed/74217.0.browse-l.jpg,Jeffrey Campbell Wilder Suede Bootie,$175.00,http://www.nastygal.com/shoes/jeffrey-campbell-wilder-suede-bootie,Nasty Gal
17,http://i.ngimg.com/resources/nastygal/images/products/processed/74221.0.browse-l.jpg,Jeffrey Campbell Jagger Leather Shoe,$200.00,http://www.nastygal.com/shoes/jeffrey-campbell-jagger-leather-shoe,Nasty Gal
18,http://i.ngimg.com/resources/nastygal/images/products/processed/74578.0.browse-l.jpg,Jeffrey Campbell Alsace Velvet Oxford,$155.00,http://www.nastygal.com/shoes/jeffrey-campbell-alsace-velvet-oxford,Nasty Gal
19,http://i.ngimg.com/resources/nastygal/images/products/processed/74219.0.browse-l.jpg,Jeffrey Campbell Flaunt Suede Heel,$155.00,http://www.nastygal.com/shoes/jeffrey-campbell-flaunt-suede-heel,Nasty Gal
20,http://i.ngimg.com/resources/nastygal/images/products/processed/69251.0.browse-l.jpg,Vans Old Skool Leather Sneaker - Tan,$80.00,http://www.nastygal.com/shoes/vans-old-skool-leather-sneaker--tan,Nasty Gal
21,http://i.ngimg.com/resources/nastygal/images/products/processed/69243.0.browse-l.jpg,Vans Old Skool Leather Sneaker - Python,$85.00,http://www.nastygal.com/shoes/vans-old-skool-leather-sneaker--python,Nasty Gal
22,http://i.ngimg.com/resources/nastygal/images/products/processed/69248.0.browse-l.jpg,Vans Old Skool Leather Sneaker - Black,$60.00,http://www.nastygal.com/shoes/vans-old-skool-leather-sneaker--black,Nasty Gal
23,http://i.ngimg.com/resources/nastygal/images/products/processed/69245.0.browse-l.jpg,Vans Old Skool Zip Leather Sneaker - Silver Python,$80.00,http://www.nastygal.com/shoes/vans-old-skool-zip-leather-sneaker--silver-python,Nasty Gal
24,http://i.ngimg.com/resources/nastygal/images/products/processed/72213.01.browse-l.jpg,Nasty Gal Kiran Patent Wedge Boot,$138.00,http://www.nastygal.com/shoes/nasty-gal-kiran-patent-wedge-boot,Nasty Gal
25,http://i.ngimg.com/resources/nastygal/images/products/processed/70823.0.browse-l.jpg,Glamorous Ezra Vegan Suede Heel,$42.00,http://www.nastygal.com/shoes/glamorous-ezra-vegan-suede-heel,Nasty Gal
26,http://i.ngimg.com/resources/nastygal/images/products/processed/74995.0.browse-l.jpg,Kimber Knit Bootie - Black,$98.00,http://www.nastygal.com/shoes/kimber-knit-bootie--black,Nasty Gal
27,http://i.ngimg.com/resources/nastygal/images/products/processed/74996.0.browse-l.jpg,Kimber Knit Bootie,$98.00,http://www.nastygal.com/shoes/kimber-knit-bootie,Nasty Gal
28,http://i.ngimg.com/resources/nastygal/images/products/processed/68047.0.browse-l.jpg,Nasty Gal High Jinks Over-the-Knee Boot,$128.00,http://www.nastygal.com/shoes/nasty-gal-high-jinks-overtheknee-boot,Nasty Gal
29,http://i.ngimg.com/resources/nastygal/images/products/processed/74615.00.browse-l.jpg,Nasty Gal Flicker Velvet Boot,$148.00,http://www.nastygal.com/shoes/nasty-gal-flicker-velvet-boot,Nasty Gal
30,http://i.ngimg.com/resources/nastygal/images/products/processed/74263.0.browse-l.jpg,Nasty Gal Sparkle the Fire Velvet Bootie,$98.00,http://www.nastygal.com/shoes/nasty-gal-sparkle-the-fire-velvet-bootie,Nasty Gal
31,http://i.ngimg.com/resources/nastygal/images/products/processed/67891.0.browse-l.jpg,Sam Edelman Tate Suede Boot,$170.00,http://www.nastygal.com/shoes/sam-edelman-tate-suede-boot,Nasty Gal
32,http://i.ngimg.com/resources/nastygal/images/products/processed/76631.0.browse-l.jpg,Fair Feather Friend Slide Sandal,$38.00,http://www.nastygal.com/shoes/fair-feather-friend-slide-sandal-,Nasty Gal
33,http://i.ngimg.com/resources/nastygal/images/products/processed/76632.0.browse-l.jpg,Fair Feather Friend Slide Sandal - Black,$38.00,http://www.nastygal.com/shoes/fair-feather-friend-slide-sandal--black-,Nasty Gal
34,http://i.ngimg.com/resources/nastygal/images/products/processed/75756.0.browse-l.jpg,Easy Touch Faux Fur Slide Sandal,$38.00,http://www.nastygal.com/shoes/easy-touch-faux-fur-slide-sandal,Nasty Gal
35,http://i.ngimg.com/resources/nastygal/images/products/processed/75759.0.browse-l.jpg,Easy Touch Faux Fur Slide Sandal - Olive,$38.00,http://www.nastygal.com/shoes/easy-touch-faux-fur-slide-sandal--olive,Nasty Gal
36,http://i.ngimg.com/resources/nastygal/images/products/processed/76916.0.browse-l.jpg,Public Desire Abigal Faux Fur Heel,$45.00,http://www.nastygal.com/shoes/public-desire-abigal-faux-fur-heel,Nasty Gal
37,http://i.ngimg.com/resources/nastygal/images/products/processed/70360.0.browse-l.jpg,Jeffrey Campbell Belarius Vegan Leather Boot,$145.00,http://www.nastygal.com/shoes/jeffrey-campbell-belarius-vegan-leather-boot,Nasty Gal
38,http://i.ngimg.com/resources/nastygal/images/products/processed/68862.0.browse-l.jpg,Jeffrey Campbell Elekra Over-the-Knee Boot,$225.00,http://www.nastygal.com/shoes/jeffrey-campbell-elekra-overtheknee-boot,Nasty Gal
39,http://i.ngimg.com/resources/nastygal/images/products/processed/74922.0.browse-l.jpg,Schutz Jolana Leather Bootie,$320.00,http://www.nastygal.com/shoes/schutz-jolana-leather-bootie,Nasty Gal
40,http://i.ngimg.com/resources/nastygal/images/products/processed/69559.0.browse-l.jpg,Intentionally Blank Pepper Leather Boot,$160.00,http://www.nastygal.com/shoes/intentionally-blank-pepper-leather-boot,Nasty Gal
41,http://i.ngimg.com/resources/nastygal/images/products/processed/69558.0.browse-l.jpg,Intentionally Blank Pepper Leather Boot - Black,$160.00,http://www.nastygal.com/shoes/intentionally-blank-pepper-leather-boot--black,Nasty Gal
42,http://i.ngimg.com/resources/nastygal/images/products/processed/68847.0.browse-l.jpg,Jeffrey Campbell Elphaba Suede Boot - Taupe,$225.00,http://www.nastygal.com/shoes/jeffrey-campbell-elphaba-suede-boot--taupe,Nasty Gal
43,http://i.ngimg.com/resources/nastygal/images/products/processed/72207.0.browse-l.jpg,Nasty Gal Vargas Lace-Up Bootie,$108.00,http://www.nastygal.com/shoes/nasty-gal-vargas-laceup-bootie,Nasty Gal
44,http://i.ngimg.com/resources/nastygal/images/products/processed/73635.0.browse-l.jpg,Nasty Gal First Place Lace-Up Heel,$88.00,http://www.nastygal.com/shoes/nasty-gal-first-place-laceup-heel,Nasty Gal
45,http://i.ngimg.com/resources/nastygal/images/products/processed/74154.0.browse-l.jpg,Jeffrey Campbell Ricochet Metallic Boot,$155.00,http://www.nastygal.com/shoes/jeffrey-campbell-ricochet-metallic-boot,Nasty Gal
46,http://i.ngimg.com/resources/nastygal/images/products/processed/67821.0.browse-l.jpg,Shellys London Chelsea Hotel Glitter Boot,$169.00,http://www.nastygal.com/shoes/shellys-london-chelsea-hotel-glitter-boot,Nasty Gal
47,http://i.ngimg.com/resources/nastygal/images/products/processed/68864.0.browse-l.jpg,Jeffrey Campbell Scheme Box Leather Bootie,$185.00,http://www.nastygal.com/shoes/jeffrey-campbell-scheme-box-leather-bootie,Nasty Gal
48,http://i.ngimg.com/resources/nastygal/images/products/processed/68052.0.browse-l.jpg,Hudson Reine Metallic Ankle Boot,$355.00,http://www.nastygal.com/shoes/hudson-reine-metallic-ankle-boot,Nasty Gal
49,http://i.ngimg.com/resources/nastygal/images/products/processed/68867.0.browse-l.jpg,Jeffrey Campbell Caseda Leather Ankle Boot,$165.00,http://www.nastygal.com/shoes/jeffrey-campbell-caseda-leather-ankle-boot,Nasty Gal
50,http://i.ngimg.com/resources/nastygal/images/products/processed/70057.0.browse-l.jpg,Jeffrey Campbell Lucetta Leather Platform,$125.00,http://www.nastygal.com/shoes/jeffrey-campbell-lucetta-leather-platform,Nasty Gal
51,http://i.ngimg.com/resources/nastygal/images/products/processed/68866.0.browse-l.jpg,Jeffrey Campbell Buffy Metallic Heel,$135.00,http://www.nastygal.com/shoes/jeffrey-campbell-buffy-metallic-heel,Nasty Gal
52,http://i.ngimg.com/resources/nastygal/images/products/processed/71558.00.browse-l.jpg,"Love, Courtney by Nasty Gal Whiskey a Go Go Heel",$98.00,http://www.nastygal.com/shoes/love-courtney-by-nasty-gal-whiskey-a-go-go-heel,Nasty Gal
53,http://i.ngimg.com/resources/nastygal/images/products/processed/71426.00.browse-l.jpg,"Love, Courtney by Nasty Gal Pageant Heel",$98.00,http://www.nastygal.com/shoes/love-courtney-by-nasty-gal-pageant-heel,Nasty Gal
54,http://i.ngimg.com/resources/nastygal/images/products/processed/68457.0.browse-l.jpg,Vagabond Daisy Leather Ankle Boot - Gold,$175.00,http://www.nastygal.com/shoes/vagabond-daisy-leather-ankle-boot--gold,Nasty Gal
55,http://i.ngimg.com/resources/nastygal/images/products/processed/69396.0.browse-l.jpg,Intentionally Blank Stamina Leather Platform - Burgundy,$198.00,http://www.nastygal.com/shoes/meryl-metallic-platform,Nasty Gal
56,http://i.ngimg.com/resources/nastygal/images/products/processed/68895.0.browse-l.jpg,Jeffrey Campbell Intrigue Leather Boot,$225.00,http://www.nastygal.com/shoes/jeffrey-campbell-intrigue-ruched-boot,Nasty Gal
57,http://i.ngimg.com/resources/nastygal/images/products/processed/71649.0.browse-l.jpg,Jeffrey Campbell Squall Quilted Boot,$200.00,http://www.nastygal.com/shoes/jeffrey-campbell-squall-quilted-boot,Nasty Gal
58,http://i.ngimg.com/resources/nastygal/images/products/processed/74990.0.browse-l.jpg,We Built This City Velvet Boot - Gray,$128.00,http://www.nastygal.com/shoes/we-built-this-city-velvet-boots--ivory,Nasty Gal
59,http://i.ngimg.com/resources/nastygal/images/products/processed/76705.0.browse-l.jpg,We Built This City Velvet Boot - Black,$128.00,http://www.nastygal.com/shoes/we-built-this-city-velvet-boot--black,Nasty Gal
60,http://i.ngimg.com/resources/nastygal/images/products/processed/64197.00.browse-l.jpg,"Love, Courtney by Nasty Gal Sunset Strip Stiletto Pump",$88.00,http://www.nastygal.com/shoes/love-courtney-by-nasty-gal-sunset-strip-stiletto-pump,Nasty Gal
61,http://i.ngimg.com/resources/nastygal/images/products/processed/70758.0.browse-l.jpg,Intentionally Blank Hatter Velvet Heel - Burgundy,$185.00,http://www.nastygal.com/shoes/intentionally-blank-hatter-velvet-heel--burgundy,Nasty Gal
62,http://i.ngimg.com/resources/nastygal/images/products/processed/70757.0.browse-l.jpg,Intentionally Blank Hatter Velvet Heel,$185.00,http://www.nastygal.com/shoes/intentionally-blank-hatter-velvet-heel,Nasty Gal
63,http://i.ngimg.com/resources/nastygal/images/products/processed/72266.0.browse-l.jpg,Intentionally Blank Titan Velvet Flat,$148.00,http://www.nastygal.com/shoes/intentionally-blank-titan-velvet-flat,Nasty Gal
64,http://i.ngimg.com/resources/nastygal/images/products/processed/68344.0.browse-l.jpg,Privileged Madrillo Vegan Leather Heel,$98.00,http://www.nastygal.com/shoes/privileged-madrillo-vegan-leather-heel,Nasty Gal
65,http://i.ngimg.com/resources/nastygal/images/products/processed/68345.01.browse-l.jpg,Privileged Roll It Jeweled Boot,$188.00,http://www.nastygal.com/shoes/privileged-roll-it-jeweled-boot,Nasty Gal
66,http://i.ngimg.com/resources/nastygal/images/products/processed/68483.0.browse-l.jpg,Crowley Lace-Up Heel,$78.00,http://www.nastygal.com/shoes/crowley-laceup-heel,Nasty Gal
67,http://i.ngimg.com/resources/nastygal/images/products/processed/68346.0.browse-l.jpg,Privileged Shore Lace Heel,$102.00,http://www.nastygal.com/shoes/privileged-shore-lace-heel,Nasty Gal
68,http://i.ngimg.com/resources/nastygal/images/products/processed/69690.0.browse-l.jpg,Privileged Zoe Velvet Bootie,$122.00,http://www.nastygal.com/shoes/privileged-zoe-velvet-bootie,Nasty Gal
69,http://i.ngimg.com/resources/nastygal/images/products/processed/69691.0.browse-l.jpg,Privileged Galaxy Studded Pump,$128.00,http://www.nastygal.com/shoes/privileged-galaxy-studded-pump,Nasty Gal
70,http://i.ngimg.com/resources/nastygal/images/products/processed/68958.0.browse-l.jpg,Nasty Gal Stoker Patent Boot,$108.00,http://www.nastygal.com/shoes/nasty-gal-stoker-patent-boot,Nasty Gal
71,http://i.ngimg.com/resources/nastygal/images/products/processed/69334.0.browse-l.jpg,Shellys London Peter Patent Leather Oxford Shoe,$110.00,http://www.nastygal.com/shoes/shellys-london-peter-patent-leather-oxford-shoe,Nasty Gal
72,http://i.ngimg.com/resources/nastygal/images/products/processed/72592.0.browse-l.jpg,Snake in the Grass Leather Sneaker,$68.00,http://www.nastygal.com/shoes/snake-in-the-grass-leather-sneaker,Nasty Gal
73,http://i.ngimg.com/resources/nastygal/images/products/processed/72593.0.browse-l.jpg,Shimmer Me Timbers Leather Sneaker,$68.00,http://www.nastygal.com/shoes/shimmer-me-timbers-leather-sneaker,Nasty Gal
74,http://i.ngimg.com/resources/nastygal/images/products/processed/69034.0.browse-l.jpg,New Balance 501 Suede Sneaker - Gray,$65.00,http://www.nastygal.com/shoes/new-balance-501-suede-sneaker--gray,Nasty Gal
75,http://i.ngimg.com/resources/nastygal/images/products/processed/69036.0.browse-l.jpg,New Balance 501 Sneaker,$70.00,http://www.nastygal.com/shoes/new-balance-501-sneaker,Nasty Gal
76,http://i.ngimg.com/resources/nastygal/images/products/processed/68480.0.browse-l.jpg,Calgary Lace-Up Boot,$138.00,http://www.nastygal.com/shoes/calgary-laceup-boot,Nasty Gal
77,http://i.ngimg.com/resources/nastygal/images/products/processed/68947.0.browse-l.jpg,Lust For Life Lucid Scuba Over-the-Knee Boot,$249.00,http://www.nastygal.com/shoes/lust-for-life-lucid-scuba-overtheknee-boot,Nasty Gal
78,http://i.ngimg.com/resources/nastygal/images/products/processed/69689.0.browse-l.jpg,Privileged July Lace-Up Boot,$148.00,http://www.nastygal.com/shoes/privileged-july-laceup-boot,Nasty Gal
79,http://i.ngimg.com/resources/nastygal/images/products/processed/68341.0.browse-l.jpg,Clover Strappy Heel,$92.00,http://www.nastygal.com/shoes/clover-strappy-heel,Nasty Gal
80,http://i.ngimg.com/resources/nastygal/images/products/processed/62400.0.browse-l.jpg,Hunter Original Refined Short Patent Rain Boot,$155.00,http://www.nastygal.com/shoes/hunter-original-refined-short-patent-rain-boot,Nasty Gal
81,http://i.ngimg.com/resources/nastygal/images/products/processed/70157.0.browse-l.jpg,Yacht Striped Platform,$70.00,http://www.nastygal.com/shoes/yacht-striped-platform,Nasty Gal
82,http://i.ngimg.com/resources/nastygal/images/products/processed/69249.0.browse-l.jpg,Vans Sk8-Hi Sneaker - White Canvas,$60.00,http://www.nastygal.com/shoes/vans-sk8hi-sneaker--white-canvas,Nasty Gal
83,http://i.ngimg.com/resources/nastygal/images/products/processed/69209.0.browse-l.jpg,Vagabond Zoe Leather Sneaker,$135.00,http://www.nastygal.com/shoes/vagabond-zoe-leather-sneaker,Nasty Gal
84,http://i.ngimg.com/resources/nastygal/images/products/processed/72208.0.browse-l.jpg,Nasty Gal No Hard Feelings Lace-Up Wedge Heel,$128.00,http://www.nastygal.com/shoes/nasty-gal-no-hard-feelings-laceup-wedge-heel,Nasty Gal
85,http://i.ngimg.com/resources/nastygal/images/products/processed/69692.0.browse-l.jpg,Privileged Bel Air Pom Heels,$98.00,http://www.nastygal.com/shoes/privileged-bel-air-pom-heels,Nasty Gal
86,http://i.ngimg.com/resources/nastygal/images/products/processed/69755.0.browse-l.jpg,Nasty Gal Block It Out Leather Boot,$198.00,http://www.nastygal.com/shoes/nasty-gal-block-it-out-leather-boots,Nasty Gal
87,http://i.ngimg.com/resources/nastygal/images/products/processed/75107.0.browse-l.jpg,Block Party Glitter Boot,$98.00,http://www.nastygal.com/shoes/block-party-glitter-boot,Nasty Gal
88,http://i.ngimg.com/resources/nastygal/images/products/processed/68399.0.browse-l.jpg,Converse Chuck Taylor All Star Suede and Faux Shearling Sneaker - Sand Dune,$65.00,http://www.nastygal.com/shoes/converse-chuck-taylor-all-star-suede-and-faux-shearling-sneaker--sand-dune,Nasty Gal
89,http://i.ngimg.com/resources/nastygal/images/products/processed/70640.0.browse-l.jpg,Nasty Gal Tibby Tapestry Boot,$108.00,http://www.nastygal.com/shoes/nasty-gal-tibby-tapestry-boot,Nasty Gal
90,http://i.ngimg.com/resources/nastygal/images/products/processed/68048.0.browse-l.jpg,Nasty Gal Tibby Velvet Boot - Black,$108.00,http://www.nastygal.com/shoes/nasty-gal-tibby-velvet-boot--black,Nasty Gal
91,http://i.ngimg.com/resources/nastygal/images/products/processed/68049.0.browse-l.jpg,Nasty Gal Tibby Velvet Boot,$108.00,http://www.nastygal.com/shoes/nasty-gal-tibby-velvet-boot,Nasty Gal
92,http://i.ngimg.com/resources/nastygal/images/products/processed/69335.0.browse-l.jpg,Shellys London Torrance Velvet Heel,$130.00,http://www.nastygal.com/shoes/shellys-london-torrance-velvet-heel,Nasty Gal
93,http://i.ngimg.com/resources/nastygal/images/products/processed/62395.0.browse-l.jpg,Hunter Original Refined Chelsea Rain Boot,$195.00,http://www.nastygal.com/shoes/hunter-original-refined-chelsea-rain-boot,Nasty Gal
94,http://i.ngimg.com/resources/nastygal/images/products/processed/75162.0.browse-l.jpg,Hunter Original Chelsea Patent Gloss Boot,$145.00,http://www.nastygal.com/shoes/hunter-original-chelsea-patent-gloss-boot,Nasty Gal
95,http://i.ngimg.com/resources/nastygal/images/products/processed/75163.1.browse-l.jpg,Hunter Original Short Rain Boot - Black,$140.00,http://www.nastygal.com/shoes/hunter-original-tall-rain-boot--black-,Nasty Gal
96,http://i.ngimg.com/resources/nastygal/images/products/processed/62398.0.browse-l.jpg,Hunter Original Chelsea Patent Rain Boot,$135.00,http://www.nastygal.com/shoes/hunter-original-chelsea-patent-rain-boot,Nasty Gal
97,http://i.ngimg.com/resources/nastygal/images/products/processed/68946.0.browse-l.jpg,Lust For Life Fanatik Leather Boot,$299.00,http://www.nastygal.com/shoes/lust-for-life-fanatik-leather-boot,Nasty Gal
98,http://i.ngimg.com/resources/nastygal/images/products/processed/68948.0.browse-l.jpg,Lust For Life Oblivion Leather Boot,$449.00,http://www.nastygal.com/shoes/lust-for-life-oblivion-leather-boot,Nasty Gal
99,http://i.ngimg.com/resources/nastygal/images/products/processed/68338.0.browse-l.jpg,Privileged Phenom Lace-Up Boot,$148.00,http://www.nastygal.com/shoes/privileged-phenom-laceup-boot,Nasty Gal
100,http://i.ngimg.com/resources/nastygal/images/products/processed/71466.0.browse-l.jpg,Intentionally Blank Ania Leather Boot,$198.00,http://www.nastygal.com/shoes/intentionally-blank-ania-leather-boot,Nasty Gal
101,http://i.ngimg.com/resources/nastygal/images/products/processed/64279.0.browse-l.jpg,Crosswalk Pico Ankle Boot - Brown,$150.00,http://www.nastygal.com/shoes/crosswalk-pico-ankle-boot--brown,Nasty Gal
102,http://i.ngimg.com/resources/nastygal/images/products/processed/67732.00.browse-l.jpg,Crosswalk Pico Suede Bootie,$150.00,http://www.nastygal.com/shoes/crosswalk-pico-suede-bootie,Nasty Gal
103,http://i.ngimg.com/resources/nastygal/images/products/processed/67733.0.browse-l.jpg,Crosswalk Pico Suede Bootie - Brown,$150.00,http://www.nastygal.com/shoes/crosswalk-pico-suede-bootie--brown,Nasty Gal
104,http://i.ngimg.com/resources/nastygal/images/products/processed/64280.0.browse-l.jpg,Crosswalk Pico Ankle Boot,$150.00,http://www.nastygal.com/shoes/crosswalk-pico-ankle-boot,Nasty Gal
105,http://i.ngimg.com/resources/nastygal/images/products/processed/71585.0.browse-l.jpg,Sam Edelman Yardley Suede Heel - Black,$130.00,http://www.nastygal.com/shoes/sam-edelman-yardley-suede-heel--black,Nasty Gal
106,http://i.ngimg.com/resources/nastygal/images/products/processed/71587.0.browse-l.jpg,Sam Edelman Yardley Suede Heel,$130.00,http://www.nastygal.com/shoes/sam-edelman-yardley-suede-heel,Nasty Gal
107,http://i.ngimg.com/resources/nastygal/images/products/processed/71586.0.browse-l.jpg,Sam Edelman Yardley Suede Heel - Burgundy,$130.00,http://www.nastygal.com/shoes/sam-edelman-yardley-suede-heel--burgundy,Nasty Gal
108,http://i.ngimg.com/resources/nastygal/images/products/processed/68046.0.browse-l.jpg,Nasty Gal Did It For the Pearl Vegan Suede Heel,$78.00,http://www.nastygal.com/shoes/nasty-gal-did-it-for-the-pearl-vegan-suede-heel,Nasty Gal
109,http://i.ngimg.com/resources/nastygal/images/products/processed/66589.0.browse-l.jpg,Crosswalk Preto Eclat Leather Boot,$158.00,http://www.nastygal.com/shoes/crosswalk-preto-eclat-leather-boot,Nasty Gal
110,http://i.ngimg.com/resources/nastygal/images/products/processed/69393.0.browse-l.jpg,Crosswalk Dream Leather Bootie,$179.00,http://www.nastygal.com/shoes/crosswalk-dream-leather-bootie,Nasty Gal
111,http://i.ngimg.com/resources/nastygal/images/products/processed/67731.0.browse-l.jpg,Crosswalk That's a Stretch Over-the-Knee Boot,$178.00,http://www.nastygal.com/shoes/crosswalk-thats-a-stretch-overtheknee-boot,Nasty Gal
112,http://i.ngimg.com/resources/nastygal/images/products/processed/69395.0.browse-l.jpg,Crosswalk Angle Down Vegan Leather Bootie,$176.00,http://www.nastygal.com/shoes/crosswalk-angle-down-vegan-leather-bootie,Nasty Gal
113,http://i.ngimg.com/resources/nastygal/images/products/processed/69688.0.browse-l.jpg,Privileged Moira Lace-Up Platform,$98.00,http://www.nastygal.com/shoes/privileged-moira-laceup-platform,Nasty Gal
114,http://i.ngimg.com/resources/nastygal/images/products/processed/68393.0.browse-l.jpg,Lola Cruz Santa Monica Studded Leather Flat,$200.00,http://www.nastygal.com/shoes/lola-cruz-santa-monica-studded-leather-flat,Nasty Gal
115,http://i.ngimg.com/resources/nastygal/images/products/processed/68504.0.browse-l.jpg,E8 by Miista Teal Sequin Bootie,$119.00,http://www.nastygal.com/shoes/e8-by-miista-teal-sequin-bootie,Nasty Gal
116,http://i.ngimg.com/resources/nastygal/images/products/processed/67756.0.browse-l.jpg,Intentionally Blank Fit Leather Boot,$230.00,http://www.nastygal.com/shoes/intentionally-blank-fit-leather-boot,Nasty Gal
117,http://i.ngimg.com/resources/nastygal/images/products/processed/68456.0.browse-l.jpg,Vagabond Daisy Leather Ankle Boot,$175.00,http://www.nastygal.com/shoes/vagabond-daisy-leather-ankle-boot,Nasty Gal
118,http://i.ngimg.com/resources/nastygal/images/products/processed/68659.0.browse-l.jpg,Lust For Life Alpha Leather Boot,$299.00,http://www.nastygal.com/shoes/lust-for-life-alpha-leather-boot,Nasty Gal
119,http://i.ngimg.com/resources/nastygal/images/products/processed/67827.0.browse-l.jpg,Shellys London Kylie Leather Mule,$149.00,http://www.nastygal.com/shoes/shellys-london-kylie-leather-mule,Nasty Gal
120,http://i.ngimg.com/resources/nastygal/images/products/processed/66737.0.browse-l.jpg,Dr. Martens Holly Leather Oxford,$145.00,http://www.nastygal.com/shoes/-dr-martens-holly-leather-oxford,Nasty Gal
121,http://i.ngimg.com/resources/nastygal/images/products/processed/66353.0.browse-l.jpg,Matisse Graffiti Leather Boot,$198.00,http://www.nastygal.com/shoes/-matisse-graffiti-leather-boot,Nasty Gal
122,http://i.ngimg.com/resources/nastygal/images/products/processed/74993.00.browse-l.jpg,Fair Feather Friend Slide Sandal - Multi,$38.00,http://www.nastygal.com/shoes/fair-feather-friend-slide-sandal--multi,Nasty Gal
123,http://i.ngimg.com/resources/nastygal/images/products/processed/75024.0.browse-l.jpg,LFL by Lust For Life Sulley Faux Fur Slipper - Blue Multi,$30.00,http://www.nastygal.com/shoes/lfl-by-lust-for-life-sulley-faux-fur-slipper--blue-multi,Nasty Gal
124,http://i.ngimg.com/resources/nastygal/images/products/processed/69330.0.browse-l.jpg,Shellys London Emma Leather Oxford Shoe,$120.00,http://www.nastygal.com/shoes/shellys-london-emma-leather-oxford-shoe,Nasty Gal
125,http://i.ngimg.com/resources/nastygal/images/products/processed/70051.0.browse-l.jpg,Steve Madden Irenee Leather Heel,$80.00,http://www.nastygal.com/shoes/steve-madden-irenee-leather-heel,Nasty Gal
126,http://i.ngimg.com/resources/nastygal/images/products/processed/69621.00.browse-l.jpg,Intentionally Blank Disco Sequin Boot,$230.00,http://www.nastygal.com/shoes/intentionally-blank-disco-sequin-boot,Nasty Gal
127,http://i.ngimg.com/resources/nastygal/images/products/processed/69337.0.browse-l.jpg,Shellys London Jack Glitter Oxford Shoe,$120.00,http://www.nastygal.com/shoes/shellys-london-jack-glitter-oxford-shoe,Nasty Gal
128,http://i.ngimg.com/resources/nastygal/images/products/processed/69778.0.browse-l.jpg,Intentionally Blank Holly Glitter Heel,$180.00,http://www.nastygal.com/shoes/intentionally-blank-holly-glitter-heel,Nasty Gal
129,http://i.ngimg.com/resources/nastygal/images/products/processed/69560.00.browse-l.jpg,Intentionally Blank Holly Suede Heel,$180.00,http://www.nastygal.com/shoes/intentionally-blank-holly-leather-heel,Nasty Gal
130,http://i.ngimg.com/resources/nastygal/images/products/processed/73167.1.browse-l.jpg,Intentionally Blank Daisy Pony Hair Mule,$188.00,http://www.nastygal.com/shoes/intentionally-blank-daisy-pony-hair-mule,Nasty Gal
131,http://i.ngimg.com/resources/nastygal/images/products/processed/73166.1.browse-l.jpg,Intentionally Blank Daisy Suede Mule,$176.00,http://www.nastygal.com/shoes/intentionally-blank-daisy-suede-mule,Nasty Gal
132,http://i.ngimg.com/resources/nastygal/images/products/processed/68037.0.browse-l.jpg,Nasty Gal Up and at 'Em Over-the-Knee Boot,$118.00,http://www.nastygal.com/shoes/nasty-gal-up-and-at-em-overtheknee-boot,Nasty Gal
133,http://i.ngimg.com/resources/nastygal/images/products/processed/68058.0.browse-l.jpg,Nasty Gal Up and at 'Em Over-the-Knee Boot - Taupe,$118.00,http://www.nastygal.com/shoes/nasty-gal-up-and-at-em-overtheknee-boot--taupe,Nasty Gal
134,http://i.ngimg.com/resources/nastygal/images/products/processed/70709.0.browse-l.jpg,Fan the Flames Over-the-Knee Leather Boot,$258.00,http://www.nastygal.com/shoes/fan-the-flames-overtheknee-leather-boot,Nasty Gal
135,http://i.ngimg.com/resources/nastygal/images/products/processed/73244.0.browse-l.jpg,Lust For Life Fiftyfour Over-the-Knee Boot,$300.00,http://www.nastygal.com/shoes/lust-for-life-fiftyfour-overtheknee-boot,Nasty Gal
136,http://i.ngimg.com/resources/nastygal/images/products/processed/74379.0.browse-l.jpg,Say The Sun Pop Faux Fur Slide Sandal - Pink,$64.00,http://www.nastygal.com/shoes/say-the-sun-pop-faux-fur-slide-sandal--pink,Nasty Gal
137,http://i.ngimg.com/resources/nastygal/images/products/processed/74380.0.browse-l.jpg,Say The Sun Pop Faux Fur Slide Sandal,$64.00,http://www.nastygal.com/shoes/say-the-sun-pop-faux-fur-slide-sandal,Nasty Gal
138,http://i.ngimg.com/resources/nastygal/images/products/processed/74378.0.browse-l.jpg,Say The Sun Snake Faux Fur Slide Sandal,$64.00,http://www.nastygal.com/shoes/say-the-sun-snake-faux-fur-slide-sandal,Nasty Gal
139,http://i.ngimg.com/resources/nastygal/images/products/processed/74377.0.browse-l.jpg,Say The Sun Snake Faux Fur Slide Sandal - Black,$64.00,http://www.nastygal.com/shoes/say-the-sun-snake-faux-fur-slide-sandal--black,Nasty Gal
140,http://i.ngimg.com/resources/nastygal/images/products/processed/69753.0.browse-l.jpg,Little Wild Oxford Heel,$158.00,http://www.nastygal.com/shoes/little-wild-oxford-heel,Nasty Gal
141,http://i.ngimg.com/resources/nastygal/images/products/processed/68498.0.browse-l.jpg,E8 by Miista Teal Embossed Leather Bootie,$119.00,http://www.nastygal.com/shoes/e8-by-miista-teal-embossed-leather-bootie,Nasty Gal
142,http://i.ngimg.com/resources/nastygal/images/products/processed/69752.0.browse-l.jpg,Nasty Gal Vanquish Leather Boot,$198.00,http://www.nastygal.com/shoes/nasty-gal-vanquish-leather-boot,Nasty Gal
143,http://i.ngimg.com/resources/nastygal/images/products/processed/67762.0.browse-l.jpg,Intentionally Blank Jacob Leather Boot,$224.00,http://www.nastygal.com/shoes/intentionally-blank-jacob-leather-boot,Nasty Gal
144,http://i.ngimg.com/resources/nastygal/images/products/processed/68359.1.browse-l.jpg,Schutz Makayla Leather Boot,$280.00,http://www.nastygal.com/shoes/schutz-makayla-leather-boot,Nasty Gal
145,http://i.ngimg.com/resources/nastygal/images/products/processed/66655.0.browse-l.jpg,Converse Chuck Taylor All Star Rubber Hi-Top Sneaker,$75.00,http://www.nastygal.com/shoes/converse-chuck-taylor-all-star-rubber-hitop-sneaker,Nasty Gal
146,http://i.ngimg.com/resources/nastygal/images/products/processed/66654.0.browse-l.jpg,Converse Chuck Taylor All Star Rubber Sneaker,$70.00,http://www.nastygal.com/shoes/converse-chuck-taylor-all-star-rubber-sneaker,Nasty Gal
147,http://i.ngimg.com/resources/nastygal/images/products/processed/74508.00.browse-l.jpg,POP Shoes Chiclet Leather Platform Sneaker,$150.00,http://www.nastygal.com/shoes/pop-shoes-chiclet-leather-platform-sneaker,Nasty Gal
148,http://i.ngimg.com/resources/nastygal/images/products/processed/74507.0.browse-l.jpg,POP Shoes Drummond Glitter Platform Sneaker,$150.00,http://www.nastygal.com/shoes/pop-shoes-drummond-glitter-platform-sneaker,Nasty Gal
149,http://i.ngimg.com/resources/nastygal/images/products/processed/68045.0.browse-l.jpg,Nasty Gal Radioactive Metallic Boot,$108.00,http://www.nastygal.com/shoes/nasty-gal-radioactive-metallic-boot,Nasty Gal
150,http://i.ngimg.com/resources/nastygal/images/products/processed/68044.0.browse-l.jpg,Nasty Gal Radioactive Metallic Boot - Black,$108.00,http://www.nastygal.com/shoes/nasty-gal-radioactive-metallic-boot--black,Nasty Gal
151,http://i.ngimg.com/resources/nastygal/images/products/processed/67040.0.browse-l.jpg,Rococo Velvet Boot,$98.00,http://www.nastygal.com/shoes/rococo-velvet-boot,Nasty Gal
152,http://i.ngimg.com/resources/nastygal/images/products/processed/67795.0.browse-l.jpg,YRU Wednesday Glitter Platform,$145.00,http://www.nastygal.com/shoes/yru-wednesday-glitter-platform,Nasty Gal
153,http://i.ngimg.com/resources/nastygal/images/products/processed/72506.0.browse-l.jpg,Dr. Martens 8-Eye Leather Boot - Pascal Lace,$155.00,http://www.nastygal.com/shoes/dr-martens-8eye-leather-boot--pascal-lace,Nasty Gal
154,http://i.ngimg.com/resources/nastygal/images/products/processed/66743.0.browse-l.jpg,Dr. Martens 8-Eye Leather Boot - Pascal Baroque,$150.00,http://www.nastygal.com/shoes/dr-martens-8eye-leather-boot--pascal-baroque,Nasty Gal
155,http://i.ngimg.com/resources/nastygal/images/products/processed/72452.0.browse-l.jpg,Ricki Metallic Leather Ankle Boot,$130.00,http://www.nastygal.com/shoes/ricki-metallic-leather-ankle-boot,Nasty Gal
156,http://i.ngimg.com/resources/nastygal/images/products/processed/68956.0.browse-l.jpg,Pour la Victoire Capri Leather Mule,$325.00,http://www.nastygal.com/shoes/pour-la-victoire-capri-leather-mule,Nasty Gal
157,http://i.ngimg.com/resources/nastygal/images/products/processed/68715.0.browse-l.jpg,LFL by Lust For Life MVP Vegan Suede Boot,$89.00,http://www.nastygal.com/shoes/lust-for-life-mvp-vegan-suede-boot,Nasty Gal
158,http://i.ngimg.com/resources/nastygal/images/products/processed/69620.0.browse-l.jpg,Nasty Gal Hot On My Heels Over-the-Knee Boot,$148.00,http://www.nastygal.com/shoes/nasty-gal-hot-on-my-heels-overtheknee-boot,Nasty Gal
159,http://i.ngimg.com/resources/nastygal/images/products/processed/69060.0.browse-l.jpg,Verali Hayley Vegan Suede Boot,$90.00,http://www.nastygal.com/shoes/verali-hayley-vegan-suede-boot,Nasty Gal
160,http://i.ngimg.com/resources/nastygal/images/products/processed/67825.0.browse-l.jpg,Shellys London Chester Glitter Heel - Black,$159.00,http://www.nastygal.com/shoes/shellys-london-chester-glitter-heel--black,Nasty Gal
161,http://i.ngimg.com/resources/nastygal/images/products/processed/67826.0.browse-l.jpg,Shellys London Chester Glitter Heel,$159.00,http://www.nastygal.com/shoes/shellys-london-chester-glitter-heel,Nasty Gal
162,http://i.ngimg.com/resources/nastygal/images/products/processed/67747.0.browse-l.jpg,Intentionally Blank Eliza Velvet Flat,$168.00,http://www.nastygal.com/shoes/intentionally-blank-eliza-velvet-flat,Nasty Gal
163,http://i.ngimg.com/resources/nastygal/images/products/processed/66988.0.browse-l.jpg,Shellys London Balhamm Suede Boot,$190.00,http://www.nastygal.com/shoes/shellys-london-balhamm-suede-boot,Nasty Gal
164,http://i.ngimg.com/resources/nastygal/images/products/processed/66315.0.browse-l.jpg,Understated Leather x Matisse Bitchin Biker Leather Boot,$296.00,http://www.nastygal.com/shoes/understated-leather-x-matisse-bitchin-biker-leather-boot,Nasty Gal
165,http://i.ngimg.com/resources/nastygal/images/products/processed/74376.0.browse-l.jpg,Isha Leather Mule,$118.00,http://www.nastygal.com/shoes/isha-leather-mule,Nasty Gal
166,http://i.ngimg.com/resources/nastygal/images/products/processed/69139.0.browse-l.jpg,Mule Breaker Leather Heel - Black,$118.00,http://www.nastygal.com/shoes/mule-breaker-leather-heel--black,Nasty Gal
167,http://i.ngimg.com/resources/nastygal/images/products/processed/69746.0.browse-l.jpg,Nasty Gal Skyler Studded Leather Bootie,$198.00,http://www.nastygal.com/shoes/nasty-gal-skyler-studded-leather-bootie,Nasty Gal
168,http://i.ngimg.com/resources/nastygal/images/products/processed/69585.0.browse-l.jpg,Intentionally Blank Tempo Floral Bootie,$230.00,http://www.nastygal.com/shoes/intentionally-blank-tempo-floral-bootie,Nasty Gal
169,http://i.ngimg.com/resources/nastygal/images/products/processed/69333.0.browse-l.jpg,Shellys London Kole Leather Combat Boot,$160.00,http://www.nastygal.com/shoes/shellys-london-kole-leather-combat-boot,Nasty Gal
170,http://i.ngimg.com/resources/nastygal/images/products/processed/68392.0.browse-l.jpg,Lola Cruz Phoenix Suede Bootie,$240.00,http://www.nastygal.com/shoes/lola-cruz-phoenix-suede-bootie,Nasty Gal
171,http://i.ngimg.com/resources/nastygal/images/products/processed/68713.0.browse-l.jpg,Lust For Life Oasis Leather Combat Boot,$299.00,http://www.nastygal.com/shoes/lust-for-life-oasis-leather-combat-boot,Nasty Gal
172,http://i.ngimg.com/resources/nastygal/images/products/processed/68714.0.browse-l.jpg,LFL by Lust For Life Rank Over-the-Knee Boot,$99.00,http://www.nastygal.com/shoes/lfl-by-lust-for-life-rank-overtheknee-boot,Nasty Gal
173,http://i.ngimg.com/resources/nastygal/images/products/processed/68859.0.browse-l.jpg,Jeffrey Campbell Bellaire Tapestry Bootie,$185.00,http://www.nastygal.com/shoes/jeffrey-campbell-bellaire-tapestry-bootie,Nasty Gal
174,http://i.ngimg.com/resources/nastygal/images/products/processed/69325.0.browse-l.jpg,Intentionally Blank Stamina Leather Platform,$198.00,http://www.nastygal.com/shoes/intentionally-blank-stamina-leather-platform,Nasty Gal
175,http://i.ngimg.com/resources/nastygal/images/products/processed/74681.0.browse-l.jpg,E8 by Miista Reanna Brocade Sneaker - Navy,$90.00,http://www.nastygal.com/shoes/e8-by-miista-reanna-brocade-sneaker--navy,Nasty Gal
176,http://i.ngimg.com/resources/nastygal/images/products/processed/74682.0.browse-l.jpg,EEIGHT Reanna Brocade Sneakers,$90.00,http://www.nastygal.com/shoes/eeight-reanna-brocade-sneakers-,Nasty Gal
177,http://i.ngimg.com/resources/nastygal/images/products/processed/67700.0.browse-l.jpg,Schutz Lacie Leather Heel,$190.00,http://www.nastygal.com/shoes/schutz-lacie-leather-heel,Nasty Gal
178,http://i.ngimg.com/resources/nastygal/images/products/processed/70897.0.browse-l.jpg,E8 by Miista Laverne Leather Boot,$185.00,http://www.nastygal.com/shoes/e8-by-miista-laverne-leather-boot,Nasty Gal
179,http://i.ngimg.com/resources/nastygal/images/products/processed/68706.0.browse-l.jpg,Nasty Gal Fold You So Over-the-Knee Boot,$118.00,http://www.nastygal.com/shoes/nasty-gal-fold-you-so-overtheknee-boot,Nasty Gal
180,http://i.ngimg.com/resources/nastygal/images/products/processed/72595.0.browse-l.jpg,Hey Stud Over-the-Knee Boot,$128.00,http://www.nastygal.com/shoes/hey-stud-overtheknee-boot,Nasty Gal
181,http://i.ngimg.com/resources/nastygal/images/products/processed/72591.0.browse-l.jpg,Hex Lace-Up Boot,$118.00,http://www.nastygal.com/shoes/hex-laceup-boot,Nasty Gal
182,http://i.ngimg.com/resources/nastygal/images/products/processed/58742.0.browse-l.jpg,Schutz Karlyanna Knee-High Leather Heel,$395.00,http://www.nastygal.com/shoes/schutz-karlyanna-caged-kneehigh-heel,Nasty Gal
183,http://i.ngimg.com/resources/nastygal/images/products/processed/67819.1.browse-l.jpg,Shellys London Kay Over-the-Knee Boot,$299.00,http://www.nastygal.com/shoes/shellys-london-kay-overtheknee-boot,Nasty Gal
184,http://i.ngimg.com/resources/nastygal/images/products/processed/66741.0.browse-l.jpg,Dr. Martens Hazil Leather Boot,$155.00,http://www.nastygal.com/shoes/dr-martens-hazil-leather-boot,Nasty Gal
185,http://i.ngimg.com/resources/nastygal/images/products/processed/72503.0.browse-l.jpg,Dr. Martens 1460 8-Eye Smooth Leather Boot,$125.00,http://www.nastygal.com/shoes/dr-martens-1460-8eye-smooth-leather-boot,Nasty Gal
186,http://i.ngimg.com/resources/nastygal/images/products/processed/67565.0.browse-l.jpg,Kendall + Kylie Finley Suede Boot,$190.00,http://www.nastygal.com/shoes/kendall--kylie-finley-suede-boot,Nasty Gal
187,http://i.ngimg.com/resources/nastygal/images/products/processed/68857.0.browse-l.jpg,Jeffrey Campbell Hartford Leather Bootie,$210.00,http://www.nastygal.com/shoes/jeffrey-campbell-hartford-leather-bootie,Nasty Gal
188,http://i.ngimg.com/resources/nastygal/images/products/processed/68654.0.browse-l.jpg,All the Way Up Over-the-Knee Boot,$100.00,http://www.nastygal.com/shoes/all-the-way-up-overtheknee-boot,Nasty Gal
189,http://i.ngimg.com/resources/nastygal/images/products/processed/68839.0.browse-l.jpg,Jeffrey Campbell Cienega Over-the-Knee Boot - Studded,$235.00,http://www.nastygal.com/shoes/jeffrey-campbell-cienega-overtheknee-boot--studded,Nasty Gal
190,http://i.ngimg.com/resources/nastygal/images/products/processed/60497.0.browse-l.jpg,Nasty Gal Running Wild Over-the-Knee Boot,$148.00,http://www.nastygal.com/shoes/nasty-gal-running-wild-overtheknee-boot,Nasty Gal
191,http://i.ngimg.com/resources/nastygal/images/products/processed/68043.0.browse-l.jpg,Spellbound Lace-Up Boot,$128.00,http://www.nastygal.com/shoes/spellbound-laceup-boot,Nasty Gal
192,http://i.ngimg.com/resources/nastygal/images/products/processed/68402.0.browse-l.jpg,Converse Chuck Taylor Holiday Party Sequin High-Top Sneaker,$80.00,http://www.nastygal.com/shoes/converse-chuck-taylor-holiday-party-sequin-hightop-sneaker,Nasty Gal
193,http://i.ngimg.com/resources/nastygal/images/products/processed/73259.0.browse-l.jpg,Converse Chuck Taylor All Star High-Top Sneaker - Embroidered Floral,$120.00,http://www.nastygal.com/shoes/converse-chuck-taylor-all-star-hightop-sneaker--embroidered-floral,Nasty Gal
194,http://i.ngimg.com/resources/nastygal/images/products/processed/66651.0.browse-l.jpg,Converse Chuck Taylor All Star Stingray High-Top Leather Sneaker,$80.00,http://www.nastygal.com/shoes/converse-chuck-taylor-all-star-stingray-hightop-leather-sneaker,Nasty Gal
195,http://i.ngimg.com/resources/nastygal/images/products/processed/68398.0.browse-l.jpg,Converse Chuck Taylor All Star Metallic High-Top Sneaker,$65.00,http://www.nastygal.com/shoes/converse-chuck-taylor-all-star-metallic-hightop-sneaker,Nasty Gal
196,http://i.ngimg.com/resources/nastygal/images/products/processed/68449.0.browse-l.jpg,Converse Chuck Taylor All Star High-Top Sneaker - White,$60.00,http://www.nastygal.com/shoes/converse-chuck-taylor-all-star-hightop-sneaker--white-,Nasty Gal
197,http://i.ngimg.com/resources/nastygal/images/products/processed/66781.0.browse-l.jpg,Converse Chuck Taylor All Star High-Top Sneaker,$60.00,http://www.nastygal.com/shoes/converse-chuck-taylor-all-star-hightop-sneaker,Nasty Gal
198,http://i.ngimg.com/resources/nastygal/images/products/processed/66652.0.browse-l.jpg,Converse Chuck Taylor All Star Stingray High-Top Leather Sneaker - Silver,$80.00,http://www.nastygal.com/shoes/converse-chuck-taylor-all-star-stingray-hightop-leather-sneaker--silver,Nasty Gal
199,http://i.ngimg.com/resources/nastygal/images/products/processed/74869.0.browse-l.jpg,Converse x Missoni Chuck Taylor All Star High-Top Sneaker,$150.00,http://www.nastygal.com/shoes/converse-x-missoni-chuck-taylor-all-star-hightop-sneaker,Nasty Gal
200,http://i.ngimg.com/resources/nastygal/images/products/processed/74868.0.browse-l.jpg,Converse x Missoni Chuck Taylor All Star High-Top Sneaker - Pink,$150.00,http://www.nastygal.com/shoes/converse-x-missoni-chuck-taylor-all-star-hightop-sneaker--pink,Nasty Gal
201,http://i.ngimg.com/resources/nastygal/images/products/processed/68702.0.browse-l.jpg,Buckle the System Suede Heel,$140.00,http://www.nastygal.com/shoes/buckle-the-system-suede-heel,Nasty Gal
202,http://i.ngimg.com/resources/nastygal/images/products/processed/69064.0.browse-l.jpg,Nasty Gal Valley of the Dolls Velvet Heel - Black,$98.00,http://www.nastygal.com/shoes/nasty-gal-valley-of-the-dolls-velvet-heel--black,Nasty Gal
203,http://i.ngimg.com/resources/nastygal/images/products/processed/68843.0.browse-l.jpg,Jeffrey Campbell Quivera Leather Boot,$255.00,http://www.nastygal.com/shoes/jeffrey-campbell-quivera-leather-boot,Nasty Gal
204,http://i.ngimg.com/resources/nastygal/images/products/processed/67812.0.browse-l.jpg,Shellys London Tarin Belted Leather Boot,$189.00,http://www.nastygal.com/shoes/shellys-london-tarin-belted-leather-boot,Nasty Gal
205,http://i.ngimg.com/resources/nastygal/images/products/processed/66780.0.browse-l.jpg,Converse Chuck Taylor All Star Classic Sneaker - Black,$55.00,http://www.nastygal.com/shoes/converse-chuck-taylor-all-star-classic-sneaker--black,Nasty Gal
206,http://i.ngimg.com/resources/nastygal/images/products/processed/66778.0.browse-l.jpg,Converse Chuck Taylor All Star Classic Sneaker,$55.00,http://www.nastygal.com/shoes/converse-chuck-taylor-all-star-classic-sneaker,Nasty Gal
207,http://i.ngimg.com/resources/nastygal/images/products/processed/73260.1.browse-l.jpg,Converse x PatBo Chuck Taylor All Star Embellished Sneaker,$120.00,http://www.nastygal.com/shoes/converse-x-patbo-chuck-taylor-all-star-embellished-sneaker,Nasty Gal
208,http://i.ngimg.com/resources/nastygal/images/products/processed/68361.0.browse-l.jpg,Schutz Suleni Leather Boot,$320.00,http://www.nastygal.com/shoes/schutz-suleni-leather-boot,Nasty Gal
209,http://i.ngimg.com/resources/nastygal/images/products/processed/72973.0.browse-l.jpg,Right Back at You Lace-Up Boot,$118.00,http://www.nastygal.com/shoes/right-back-at-you-laceup-boot,Nasty Gal
210,http://i.ngimg.com/resources/nastygal/images/products/processed/62969.0.browse-l.jpg,Jeffrey Campbell Cienega Ankle Boot - Black,$145.00,http://www.nastygal.com/shoes/jeffrey-campbell-cienega-ankle-boot--black,Nasty Gal
211,http://i.ngimg.com/resources/nastygal/images/products/processed/63360.0.browse-l.jpg,Jeffrey Campbell Cienega Ankle Boot - Taupe,$145.00,http://www.nastygal.com/shoes/jeffrey-campbell-cienega-ankle-boot--taupe,Nasty Gal
212,http://i.ngimg.com/resources/nastygal/images/products/processed/67896.00.browse-l.jpg,Sam Edelman York Studded Suede Heel,$175.00,http://www.nastygal.com/shoes/sam-edelman-york-studded-suede-heel,Nasty Gal
213,http://i.ngimg.com/resources/nastygal/images/products/processed/67792.0.browse-l.jpg,Urge Toronto Pony Hair Boot,$199.00,http://www.nastygal.com/shoes/urge-toronto-pony-hair-boot,Nasty Gal
214,http://i.ngimg.com/resources/nastygal/images/products/processed/67810.0.browse-l.jpg,Shellys London London Suede Boot,$169.00,http://www.nastygal.com/shoes/shellys-london-london-suede-boot,Nasty Gal
215,http://i.ngimg.com/resources/nastygal/images/products/processed/70242.0.browse-l.jpg,Vagabond Jamilla Suede Heel - Navy,$110.00,http://www.nastygal.com/shoes/vagabond-jamilla-suede-heel--navy,Nasty Gal
216,http://i.ngimg.com/resources/nastygal/images/products/processed/70241.0.browse-l.jpg,Vagabond Jamilla Suede Heel - Gray,$110.00,http://www.nastygal.com/shoes/vagabond-jamilla-suede-heel--gray,Nasty Gal
217,http://i.ngimg.com/resources/nastygal/images/products/processed/65249.0.browse-l.jpg,Jeffrey Campbell Cors Bootie - Taupe Suede,$165.00,http://www.nastygal.com/shoes/jeffrey-campbell-cors-bootie--taupe-suede,Nasty Gal
218,http://i.ngimg.com/resources/nastygal/images/products/processed/68051.0.browse-l.jpg,Hudson Leon Leather Boot,$285.00,http://www.nastygal.com/shoes/hudson-leon-leather-boot,Nasty Gal
219,http://i.ngimg.com/resources/nastygal/images/products/processed/68703.0.browse-l.jpg,Lexy Lace-Up Flat,$70.00,http://www.nastygal.com/shoes/lexy-laceup-flat,Nasty Gal
220,http://i.ngimg.com/resources/nastygal/images/products/processed/71576.0.browse-l.jpg,Rowan Slip-On Flat - Red,$68.00,http://www.nastygal.com/shoes/rowan-slipon-flat--red,Nasty Gal
221,http://i.ngimg.com/resources/nastygal/images/products/processed/66864.0.browse-l.jpg,Rowan Slip-On Flat,$68.00,http://www.nastygal.com/shoes/rowan-slipon-flat,Nasty Gal
222,http://i.ngimg.com/resources/nastygal/images/products/processed/67892.0.browse-l.jpg,Sam Edelman Taye Suede Boot,$160.00,http://www.nastygal.com/shoes/sam-edelman-taye-suede-boot,Nasty Gal
223,http://i.ngimg.com/resources/nastygal/images/products/processed/65824.0.browse-l.jpg,Jeffrey Campbell Hanson Leather Ankle Boot,$185.00,http://www.nastygal.com/shoes/jeffrey-campbell-hanson-leather-ankle-boot,Nasty Gal
224,http://i.ngimg.com/resources/nastygal/images/products/processed/68797.0.browse-l.jpg,Lust For Life Psycho Vegan Leather Cage Heel,$269.00,http://www.nastygal.com/shoes/lust-for-life-psycho-cage-heel,Nasty Gal
225,http://i.ngimg.com/resources/nastygal/images/products/processed/72594.0.browse-l.jpg,Such Great Heights Over-the-Knee Boot,$108.00,http://www.nastygal.com/shoes/such-great-heights-overtheknee-boot,Nasty Gal
226,http://i.ngimg.com/resources/nastygal/images/products/processed/71049.0.browse-l.jpg,Jeffrey Campbell Oath Suede Boot,$155.00,http://www.nastygal.com/shoes/jeffrey-campbell-oath-suede-boot,Nasty Gal
227,http://i.ngimg.com/resources/nastygal/images/products/processed/67730.0.browse-l.jpg,Crosswalk Spot Me Leopard Velvet Heel,$149.00,http://www.nastygal.com/shoes/crosswalk-spot-me-leopard-velvet-heel,Nasty Gal
228,http://i.ngimg.com/resources/nastygal/images/products/processed/68841.0.browse-l.jpg,Jeffrey Campbell Emporia Box Leather Boot,$195.00,http://www.nastygal.com/shoes/jeffrey-campbell-emporia-box-leather-boot,Nasty Gal
229,http://i.ngimg.com/resources/nastygal/images/products/processed/68669.0.browse-l.jpg,Jeffrey Campbell Beaton Suede Heel,$130.00,http://www.nastygal.com/shoes/-jeffrey-campbell-beaton-suede-heel-,Nasty Gal
230,http://i.ngimg.com/resources/nastygal/images/products/processed/69757.0.browse-l.jpg,Jeffrey Campbell Bethan Suede Heel,$130.00,http://www.nastygal.com/shoes/jeffrey-campbell-bethan-suede-heel,Nasty Gal
231,http://i.ngimg.com/resources/nastygal/images/products/processed/65982.0.browse-l.jpg,Jeffrey Campbell Wiser Patent Leather Mule,$190.00,http://www.nastygal.com/shoes/jeffrey-campbell-wiser-patent-leather-mule,Nasty Gal
232,http://i.ngimg.com/resources/nastygal/images/products/processed/62006.0.browse-l.jpg,Amber Suede Platform,$70.00,http://www.nastygal.com/shoes/amber-suede-platform,Nasty Gal
233,http://i.ngimg.com/resources/nastygal/images/products/processed/67569.0.browse-l.jpg,Kendall + Kylie Ella Suede Bootie - Black,$199.00,http://www.nastygal.com/shoes/kendall--kylie-ella-suede-bootie--black,Nasty Gal
234,http://i.ngimg.com/resources/nastygal/images/products/processed/65981.0.browse-l.jpg,Jeffrey Campbell Fairford Box Leather Bootie,$215.00,http://www.nastygal.com/shoes/-jeffrey-campbell-fairford-squared-bootie-,Nasty Gal
235,http://i.ngimg.com/resources/nastygal/images/products/processed/66986.0.browse-l.jpg,Shellys London Florrie Leather Bootie,$160.00,http://www.nastygal.com/shoes/shellys-london-florrie-leather-bootie,Nasty Gal
236,http://i.ngimg.com/resources/nastygal/images/products/processed/63342.0.browse-l.jpg,Jeffrey Campbell Metal Fest Leather Bootie - Black,$195.00,http://www.nastygal.com/shoes/jeffrey-campbell-metal-fest-leather-bootie--black,Nasty Gal
237,http://i.ngimg.com/resources/nastygal/images/products/processed/65980.0.browse-l.jpg,Jeffrey Campbell Valiant Ankle Boot,$185.00,http://www.nastygal.com/shoes/jeffrey-campbell-valiant-ankle-boot,Nasty Gal
238,http://i.ngimg.com/resources/nastygal/images/products/processed/66683.0.browse-l.jpg,Nasty Gal Take the Strap Vegan Suede Heel - Sand,$68.00,http://www.nastygal.com/shoes/nasty-gal-take-the-strap-vegan-suede-heel--sand,Nasty Gal
239,http://i.ngimg.com/resources/nastygal/images/products/processed/72107.0.browse-l.jpg,Urge West Leather Oxford Shoe,$140.00,http://www.nastygal.com/shoes/urge-west-leather-oxford-shoe-,Nasty Gal
240,http://i.ngimg.com/resources/nastygal/images/products/processed/74907.0.browse-l.jpg,FENTY PUMA by Rihanna Leather Sneaker Boot Wedge,$350.00,http://www.nastygal.com/shoes/fenty-puma-by-rihanna-leather-sneaker-boot-wedge,Nasty Gal
241,http://i.ngimg.com/resources/nastygal/images/products/processed/67763.0.browse-l.jpg,Crosswalk Spot in Mind Velvet Ankle Boot,$149.00,http://www.nastygal.com/shoes/crosswalk-spot-in-mind-velvet-ankle-boot,Nasty Gal
242,http://i.ngimg.com/resources/nastygal/images/products/processed/69743.0.browse-l.jpg,Nasty Gal Revolt Leather Ankle Boot,$148.00,http://www.nastygal.com/shoes/nasty-gal-revolt-leather-ankle-boot,Nasty Gal
243,http://i.ngimg.com/resources/nastygal/images/products/processed/68070.0.browse-l.jpg,Nasty Gal x Kat Maconie Supernova Leather Platform,$228.00,http://www.nastygal.com/shoes/nasty-gal-x-kat-maconie-supernova-leather-platform,Nasty Gal
244,http://i.ngimg.com/resources/nastygal/images/products/processed/67564.0.browse-l.jpg,Kendall + Kylie Ayla Vegan Suede Boot,$225.00,http://www.nastygal.com/shoes/kendall--kylie-aya-suede-boot,Nasty Gal
245,http://i.ngimg.com/resources/nastygal/images/products/processed/67403.0.browse-l.jpg,PUMA Match Lo Leather Sneaker,$65.00,http://www.nastygal.com/shoes/puma-match-lo-leather-sneaker,Nasty Gal
246,http://i.ngimg.com/resources/nastygal/images/products/processed/39830.0.browse-l.jpg,Matisse Nugent Ponyhair Ankle Boot,$188.00,http://www.nastygal.com/shoes/matisse-nugent-ponyhair-ankle-boot,Nasty Gal
247,http://i.ngimg.com/resources/nastygal/images/products/processed/66300.0.browse-l.jpg,Vans Sk8-Hi Sneaker - Embossed Stingray,$90.00,http://www.nastygal.com/shoes/vans-sk8hi-sneaker--embossed-stingray,Nasty Gal
248,http://i.ngimg.com/resources/nastygal/images/products/processed/74906.0.browse-l.jpg,FENTY PUMA by Rihanna Eskiva Leather Sneaker,$980.00,http://www.nastygal.com/shoes/fenty-puma-by-rihanna-eskiva-leather-sneaker,Nasty Gal
249,http://i.ngimg.com/resources/nastygal/images/products/processed/69244.0.browse-l.jpg,Vans Authentic Lo Pro Sneaker - Black,$65.00,http://www.nastygal.com/shoes/vans-authentic-lo-pro-sneaker--black-tortoise,Nasty Gal
250,http://i.ngimg.com/resources/nastygal/images/products/processed/68342.0.browse-l.jpg,Privileged Knockout Slingback Heel,$98.00,http://www.nastygal.com/shoes/privileged-knockout-slingback-heel,Nasty Gal
251,http://i.ngimg.com/resources/nastygal/images/products/processed/66749.0.browse-l.jpg,Dr. Martens 1460 8-Tie Boot - White,$135.00,http://www.nastygal.com/shoes/dr-martens-1460-8tie-boot--white,Nasty Gal
252,http://i.ngimg.com/resources/nastygal/images/products/processed/72516.0.browse-l.jpg,Scrunch Time Knee-High Boot,$100.00,http://www.nastygal.com/shoes/scrunch-time-kneehigh-boot,Nasty Gal
253,http://i.ngimg.com/resources/nastygal/images/products/processed/71016.0.browse-l.jpg,Jeffrey Campbell Raylan Suede Boot - Brown,$200.00,http://www.nastygal.com/shoes/jeffrey-campbell-raylan-suede-boot--brown,Nasty Gal
254,http://i.ngimg.com/resources/nastygal/images/products/processed/67147.0.browse-l.jpg,Jeffrey Campbell Cromwell Distressed Suede Boot,$195.00,http://www.nastygal.com/shoes/jeffrey-campbell-cromwell-distressed-suede-boot,Nasty Gal
255,http://i.ngimg.com/resources/nastygal/images/products/processed/64518.0.browse-l.jpg,Jeffrey Campbell Cienega Over-the-Knee Boot - Brown,$190.00,http://www.nastygal.com/shoes/jeffrey-campbell-cienega-overtheknee-boot--brown,Nasty Gal
256,http://i.ngimg.com/resources/nastygal/images/products/processed/68678.0.browse-l.jpg,Jeffrey Campbell Beaton Suede Heel - Red,$130.00,http://www.nastygal.com/shoes/jeffrey-campbell-beaton-suede-heel--red,Nasty Gal
257,http://i.ngimg.com/resources/nastygal/images/products/processed/71053.0.browse-l.jpg,Jeffrey Campbell Beaton Suede Heel - Gray,$130.00,http://www.nastygal.com/shoes/jeffrey-campbell-beaton-suede-heel--gray,Nasty Gal
258,http://i.ngimg.com/resources/nastygal/images/products/processed/70839.0.browse-l.jpg,Moving On Up Suede Platform,$75.00,http://www.nastygal.com/shoes/moving-on-up-suede-platform,Nasty Gal
259,http://i.ngimg.com/resources/nastygal/images/products/processed/67695.0.browse-l.jpg,Schutz Karlyanna Suede Heel,$395.00,http://www.nastygal.com/shoes/-schutz-karlyanna-suede-heel,Nasty Gal
260,http://i.ngimg.com/resources/nastygal/images/products/processed/73533.0.browse-l.jpg,YRU Rainbow Road Vegan Leather Boot,$115.00,http://www.nastygal.com/shoes/yru-rainbow-road-vegan-leather-boot,Nasty Gal
261,http://i.ngimg.com/resources/nastygal/images/products/processed/67744.0.browse-l.jpg,Intentionally Blank Franz Leather Heel,$189.00,http://www.nastygal.com/shoes/intentionally-blank-franz-leather-heel,Nasty Gal
262,http://i.ngimg.com/resources/nastygal/images/products/processed/68455.0.browse-l.jpg,Vagabond Danila Suede Bootie,$160.00,http://www.nastygal.com/shoes/vagabond-danila-suede-bootie,Nasty Gal
263,http://i.ngimg.com/resources/nastygal/images/products/processed/66782.0.browse-l.jpg,Converse Chuck Taylor All Star Classic Sneaker - Natural White,$55.00,http://www.nastygal.com/shoes/converse-chuck-taylor-all-star-classic-sneaker--natural-white,Nasty Gal
264,http://i.ngimg.com/resources/nastygal/images/products/processed/57222.0.browse-l.jpg,Jeffrey Campbell Cromwell Distressed Leather Boot,$195.00,http://www.nastygal.com/shoes/jeffrey-campbell-cromwell-distressed-leather-boot-,Nasty Gal
265,http://i.ngimg.com/resources/nastygal/images/products/processed/68071.0.browse-l.jpg,Kat Maconie Spiral Architect Suede Heel,$276.00,http://www.nastygal.com/shoes/kat-maconie-spiral-architect-suede-heel,Nasty Gal
266,http://i.ngimg.com/resources/nastygal/images/products/processed/68677.0.browse-l.jpg,Jeffrey Campbell Bitsie Suede Heel,$120.00,http://www.nastygal.com/shoes/jeffrey-campbell-bitsie-suede-heel,Nasty Gal
267,http://i.ngimg.com/resources/nastygal/images/products/processed/68069.0.browse-l.jpg,Kat Maconie Sadie Leather Heel,$248.00,http://www.nastygal.com/shoes/kat-maconie-sadie-leather-heel,Nasty Gal
268,http://i.ngimg.com/resources/nastygal/images/products/processed/68068.0.browse-l.jpg,Kat Maconie Vera Suede Bootie,$276.00,http://www.nastygal.com/shoes/kat-maconie-vera-suede-bootie,Nasty Gal
269,http://i.ngimg.com/resources/nastygal/images/products/processed/67685.0.browse-l.jpg,PUMA Basket Jewels Suede Sneaker,$120.00,http://www.nastygal.com/shoes/puma-basket-jewels-suede-sneaker,Nasty Gal
270,http://i.ngimg.com/resources/nastygal/images/products/processed/68850.0.browse-l.jpg,E8 by Miista Winter Lace-Up Leather Heel,$104.00,http://www.nastygal.com/shoes/e8-by-miista-winter-laceup-leather-heel,Nasty Gal
271,http://i.ngimg.com/resources/nastygal/images/products/processed/71395.0.browse-l.jpg,PUMA Fierce Shine Trainer Sneaker - Black,$100.00,http://www.nastygal.com/shoes/puma-fierce-shine-trainer-sneaker--black,Nasty Gal
272,http://i.ngimg.com/resources/nastygal/images/products/processed/66465.0.browse-l.jpg,Rihanna x Puma FENTY Faux Fur Slide Sandal - White,$80.00,http://www.nastygal.com/shoes/rihanna-x-puma-fenty-faux-fur-slide-sandal--white,Nasty Gal
273,http://i.ngimg.com/resources/nastygal/images/products/processed/68840.0.browse-l.jpg,Jeffrey Campbell Elphie Leather Heel,$220.00,http://www.nastygal.com/shoes/jeffrey-campbell-elphie-leather-heel,Nasty Gal
274,http://i.ngimg.com/resources/nastygal/images/products/processed/63293.0.browse-l.jpg,Vagabond Gaia Suede Mule,$110.00,http://www.nastygal.com/shoes/vagabond-gaia-suede-mule,Nasty Gal
275,http://i.ngimg.com/resources/nastygal/images/products/processed/65882.0.browse-l.jpg,Jeffrey Campbell Belanger-2 Leather Flat,$130.00,http://www.nastygal.com/shoes/-jeffrey-campbell-belanger2-leather-flat,Nasty Gal
276,http://i.ngimg.com/resources/nastygal/images/products/processed/71384.1.browse-l.jpg,PUMA Basket Classic Leather Sneaker,$70.00,http://www.nastygal.com/shoes/puma-basket-classic-leather-sneaker,Nasty Gal
277,http://i.ngimg.com/resources/nastygal/images/products/processed/72505.0.browse-l.jpg,Dr. Martens 1461 3-Tie Leather Shoe - Gray,$115.00,http://www.nastygal.com/shoes/dr-martens-1461-3tie-leather-shoe--gray,Nasty Gal
278,http://i.ngimg.com/resources/nastygal/images/products/processed/71160.0.browse-l.jpg,Jeffrey Campbell Effie Embellished Denim Platform,$145.00,http://www.nastygal.com/shoes/jeffrey-campbell-effie-embellished-denim-platform,Nasty Gal
279,http://i.ngimg.com/resources/nastygal/images/products/processed/65237.1.browse-l.jpg,Jeffrey Campbell Perouze Thigh-High Boot - Taupe,$245.00,http://www.nastygal.com/shoes/jeffrey-campbell-perouze-thighhigh-boot--taupe,Nasty Gal
280,http://i.ngimg.com/resources/nastygal/images/products/processed/66475.0.browse-l.jpg,LFL by Lust for Life Radikal Over-the-Knee Boot,$95.00,http://www.nastygal.com/shoes/lfl-by-lust-for-life-radikal-overtheknee-boot,Nasty Gal
281,http://i.ngimg.com/resources/nastygal/images/products/processed/68844.0.browse-l.jpg,Jeffrey Campbell Serpico Suede Bootie - Taupe,$180.00,http://www.nastygal.com/shoes/jeffrey-campbell-serpico-suede-bootie--taupe,Nasty Gal
282,http://i.ngimg.com/resources/nastygal/images/products/processed/71054.0.browse-l.jpg,Jeffrey Campbell Perpetua Suede Mule,$110.00,http://www.nastygal.com/shoes/jeffrey-campbell-perpetua-suede-mule,Nasty Gal
283,http://i.ngimg.com/resources/nastygal/images/products/processed/63726.0.browse-l.jpg,Amber Suede Platform - Beige,$70.00,http://www.nastygal.com/shoes/amber-suede-platform--beige,Nasty Gal
284,http://i.ngimg.com/resources/nastygal/images/products/processed/74999.0.browse-l.jpg,Make It Clear Vegan Suede Boot,$88.00,http://www.nastygal.com/shoes/make-it-clear-vegan-suede-boot,Nasty Gal
285,http://i.ngimg.com/resources/nastygal/images/products/processed/74997.0.browse-l.jpg,Bright Eyes Metallic Heel,$58.00,http://www.nastygal.com/shoes/bright-eyes-metallic-heel,Nasty Gal
286,http://i.ngimg.com/resources/nastygal/images/products/processed/75476.0.browse-l.jpg,YRU Qozmo Platform Sneaker,$130.00,http://www.nastygal.com/shoes/yru-qozmo-platform-sneaker,Nasty Gal
287,http://i.ngimg.com/resources/nastygal/images/products/processed/69152.1.browse-l.jpg,J Slides Parker Suede Creeper - White,$135.00,http://www.nastygal.com/shoes/j-slides-parker-suede-creeper--white,Nasty Gal
288,http://i.ngimg.com/resources/nastygal/images/products/processed/70068.0.browse-l.jpg,Horowitz Velvet Platform,$80.00,http://www.nastygal.com/shoes/horowitz-velvet-platform,Nasty Gal
289,http://i.ngimg.com/resources/nastygal/images/products/processed/69697.0.browse-l.jpg,Sixtyseven Maddy Patent Loafer,$140.00,http://www.nastygal.com/shoes/sixtyseven-maddy-patent-loafer,Nasty Gal
290,http://i.ngimg.com/resources/nastygal/images/products/processed/74994.01.browse-l.jpg,Fin Velvet Bow Heel,$58.00,http://www.nastygal.com/shoes/fin-velvet-bow-heel,Nasty Gal
291,http://i.ngimg.com/resources/nastygal/images/products/processed/69331.1.browse-l.jpg,Shellys London Emma Metallic Oxford,$120.00,http://www.nastygal.com/shoes/shellys-london-emma-metallic-oxford,Nasty Gal
292,http://i.ngimg.com/resources/nastygal/images/products/processed/74991.0.browse-l.jpg,We Built This City Velvet Boot,$128.00,http://www.nastygal.com/shoes/we-built-this-city-velvet-boots,Nasty Gal
293,http://i.ngimg.com/resources/nastygal/images/products/processed/76921.0.browse-l.jpg,Public Desire Julissa Velvet Bootie - Taupe,$60.00,http://www.nastygal.com/shoes/public-desire-julissa-velvet-bootie--taupe,Nasty Gal
294,http://i.ngimg.com/resources/nastygal/images/products/processed/76914.0.browse-l.jpg,Public Desire Lia Velvet Bootie - Green,$60.00,http://www.nastygal.com/shoes/public-desire-lia-velvet-bootie--green,Nasty Gal
295,http://i.ngimg.com/resources/nastygal/images/products/processed/76913.0.browse-l.jpg,Public Desire Julissa Velvet Bootie,$60.00,http://www.nastygal.com/shoes/public-desire-julissa-velvet-bootie,Nasty Gal
296,http://i.ngimg.com/resources/nastygal/images/products/processed/70664.0.browse-l.jpg,LFL by Lust For Life Fine Thanks Faux Fur Slide Sandal,$30.00,http://www.nastygal.com/shoes/lust-for-life-fine-thanks-faux-fur-slide-sandal,Nasty Gal
297,http://i.ngimg.com/resources/nastygal/images/products/processed/74908.0.browse-l.jpg,FENTY PUMA by Rihanna Fenty Leather Platform Sneaker Boot,$350.00,http://www.nastygal.com/shoes/fenty-puma-by-rihanna-fenty-leather-platform-sneaker-boot,Nasty Gal
298,http://i.ngimg.com/resources/nastygal/images/products/processed/74992.0.browse-l.jpg,Clear the Air Lucite Heel,$68.00,http://www.nastygal.com/shoes/clear-the-air-lucite-heel,Nasty Gal
299,http://i.ngimg.com/resources/nastygal/images/products/processed/69247.0.browse-l.jpg,Vans Sk8-Hi Suede Sneaker - Black,$65.00,http://www.nastygal.com/shoes/vans-sk8hi-suede-sneaker--black,Nasty Gal
300,http://i.ngimg.com/resources/nastygal/images/products/processed/69780.0.browse-l.jpg,Intentionally Blank Fanning Embroidered Leather Mule,$188.00,http://www.nastygal.com/shoes/intentionally-blank-fanning-embroidered-leather-mule,Nasty Gal
301,http://i.ngimg.com/resources/nastygal/images/products/processed/65624.0.browse-l.jpg,Intentionally Blank Rosa Embroidered Suede Boot,$198.00,http://www.nastygal.com/shoes/intentionally-blank-rosa-embroidered-suede-boot,Nasty Gal
302,http://i.ngimg.com/resources/nastygal/images/products/processed/68657.0.browse-l.jpg,Cabaret Lace Bootie,$90.00,http://www.nastygal.com/shoes/cabaret-lace-bootie,Nasty Gal
303,http://i.ngimg.com/resources/nastygal/images/products/processed/69696.0.browse-l.jpg,Sixtyseven Warwick Patent Creeper Sneaker - Wine,$65.00,http://www.nastygal.com/shoes/sixtyseven-warwick-patent-creeper-sneaker--wine,Nasty Gal
304,http://i.ngimg.com/resources/nastygal/images/products/processed/59430.0.browse-l.jpg,Jeffrey Campbell Cors Bootie - Black Suede,$165.00,http://www.nastygal.com/shoes/jeffrey-campbell-cors-bootie--black-suede,Nasty Gal
305,http://i.ngimg.com/resources/nastygal/images/products/processed/70826.0.browse-l.jpg,Glamorous Feel Ya Vegan Suede Heel,$46.00,http://www.nastygal.com/shoes/glamorous-feel-ya-vegan-suede-heel,Nasty Gal
306,http://i.ngimg.com/resources/nastygal/images/products/processed/75440.0.browse-l.jpg,Privileged Mary Lace Heel,$88.00,http://www.nastygal.com/shoes/privileged-mary-lace-heel,Nasty Gal
307,http://i.ngimg.com/resources/nastygal/images/products/processed/70376.0.browse-l.jpg,Jeffrey Campbell Florencia Platform Oxford Shoe,$215.00,http://www.nastygal.com/shoes/jeffrey-campbell-florencia-platform-oxford,Nasty Gal
308,http://i.ngimg.com/resources/nastygal/images/products/processed/72263.0.browse-l.jpg,Privileged See You Again Sheer Boot,$98.00,http://www.nastygal.com/shoes/privileged-see-you-again-sheer-boot,Nasty Gal
309,http://i.ngimg.com/resources/nastygal/images/products/processed/76394.0.browse-l.jpg,See Right Through Me Lace-Up Boot,$78.00,http://www.nastygal.com/shoes/see-right-through-me-laceup-boot,Nasty Gal
310,http://i.ngimg.com/resources/nastygal/images/products/processed/71056.0.browse-l.jpg,Jeffrey Campbell Cors Bootie - Khaki Suede,$99.00,http://www.nastygal.com/shoes/jeffrey-campbell-cors-bootie--khaki-suede,Nasty Gal
311,http://i.ngimg.com/resources/nastygal/images/products/processed/66303.0.browse-l.jpg,Vans OG Runner Leather Sneaker - Orange,$64.00,http://www.nastygal.com/shoes/vans-og-runner-leather-sneaker--orange,Nasty Gal
312,http://i.ngimg.com/resources/nastygal/images/products/processed/66699.0.browse-l.jpg,Schutz Maxine Denim Heel,$192.00,http://www.nastygal.com/shoes/schutz-maxine-denim-heel,Nasty Gal
313,http://i.ngimg.com/resources/nastygal/images/products/processed/65831.0.browse-l.jpg,Jeffrey Campbell Carmindy Suede Platform,$120.00,http://www.nastygal.com/shoes/jeffrey-campbell-carmindy-suede-platform,Nasty Gal
314,http://i.ngimg.com/resources/nastygal/images/products/processed/64453.0.browse-l.jpg,Nasty Gal Stiletto to Toe Gladiator Heel,$88.00,http://www.nastygal.com/shoes/nasty-gal-stiletto-to-toe-gladiator-heel,Nasty Gal
315,http://i.ngimg.com/resources/nastygal/images/products/processed/67878.0.browse-l.jpg,Matisse Turner Buckle Boot,$73.60,http://www.nastygal.com/shoes/matisse-turner-buckle-boot,Nasty Gal
316,http://i.ngimg.com/resources/nastygal/images/products/processed/66621.1.browse-l.jpg,Converse All Star Studded Leather Sneaker,$100.00,http://www.nastygal.com/shoes/converse-all-star-studded-leather-sneaker,Nasty Gal
317,http://i.ngimg.com/resources/nastygal/images/products/processed/62718.0.browse-l.jpg,Lipstik Shoes Nadine Vegan Leather Platform - Black,$52.80,http://www.nastygal.com/shoes/lipstik-shoes-nadine-vegan-leather-platform--black,Nasty Gal
318,http://i.ngimg.com/resources/nastygal/images/products/processed/68033.0.browse-l.jpg,Nasty Gal Kerrigan Lace-Up Boot,$78.40,http://www.nastygal.com/shoes/nasty-gal-kerrigan-laceup-boot,Nasty Gal
319,http://i.ngimg.com/resources/nastygal/images/products/processed/68653.0.browse-l.jpg,Rise Up Over-the-Knee Suede Boot,$130.00,http://www.nastygal.com/shoes/rise-up-overtheknee-suede-boot,Nasty Gal
320,http://i.ngimg.com/resources/nastygal/images/products/processed/69035.0.browse-l.jpg,New Balance 501 Suede Sneaker,$65.00,http://www.nastygal.com/shoes/new-balance-501-suede-sneaker,Nasty Gal
321,http://i.ngimg.com/resources/nastygal/images/products/processed/66849.0.browse-l.jpg,Matisse Clover Leather Mule,$128.00,http://www.nastygal.com/shoes/matisse-clover-leather-mule,Nasty Gal
322,http://i.ngimg.com/resources/nastygal/images/products/processed/70054.1.browse-l.jpg,Jeffrey Campbell Jagger Velvet Oxford,$190.00,http://www.nastygal.com/shoes/jeffrey-campbell-jagger-velvet-oxford,Nasty Gal
323,http://i.ngimg.com/resources/nastygal/images/products/processed/71026.0.browse-l.jpg,Jeffrey Campbell Bitsie Suede Heel - Tan,$120.00,http://www.nastygal.com/shoes/-jeffrey-campbell-bitsie-suede-heel--tan,Nasty Gal
324,http://i.ngimg.com/resources/nastygal/images/products/processed/76085.0.browse-l.jpg,Wisteria Over-the-Knee Boot,$108.00,http://www.nastygal.com/shoes/wisteria-overtheknee-boot,Nasty Gal
325,http://i.ngimg.com/resources/nastygal/images/products/processed/69695.0.browse-l.jpg,Sixtyseven Warwick Patent Creeper Sneaker,$65.00,http://www.nastygal.com/shoes/sixtyseven-warwick-patent-creeper-sneaker,Nasty Gal
326,http://i.ngimg.com/resources/nastygal/images/products/processed/65456.0.browse-l.jpg,Jeffrey Campbell Walton Suede Boot - Black,$101.50,http://www.nastygal.com/shoes/jeffrey-campbell-walton-suede-boot--black,Nasty Gal
327,http://i.ngimg.com/resources/nastygal/images/products/processed/65915.0.browse-l.jpg,Nasty Gal Rope to Shore Wrap Heel - Navy,$88.00,http://www.nastygal.com/shoes/nasty-gal-rope-to-shore-wrap-heel--navy,Nasty Gal
328,http://i.ngimg.com/resources/nastygal/images/products/processed/64190.0.browse-l.jpg,Nasty Gal Metal Me Halfway Leather Heels - Blue,$82.50,http://www.nastygal.com/shoes/nasty-gal-metal-me-halfway-leather-heels--blue,Nasty Gal
329,http://i.ngimg.com/resources/nastygal/images/products/processed/64538.0.browse-l.jpg,Jeffrey Campbell Fawkes Suede Ankle Boot,$136.50,http://www.nastygal.com/shoes/jeffrey-campbell-fawkes-suede-ankle-boot,Nasty Gal
