,image,name,price,link,brand,gender
0,http://media.aldoshoes.com/product/ROCHIN-U/28/ROCHIN-U_28_RG_160.JPG,Rochin-U,$100.00,http://www.aldoshoes.com/us/en_US/Men/Shoes/c/210/Rochin-U/p/39626748-28,Aldo,m
1,http://media.aldoshoes.com/product/ROCHIN-U/97/ROCHIN-U_97_RG_160.JPG,Rochin-U,$100.00,http://www.aldoshoes.com/us/en_US/Men/Shoes/c/210/Rochin-U/p/39626748-97,Aldo,m
2,http://media.aldoshoes.com/product/TORRIE-U/22/TORRIE-U_22_RG_160.JPG,Torrie-U,$50.00,http://www.aldoshoes.com/us/en_US/Men/Shoes/c/210/Torrie-U/p/39643150-22,Aldo,m
3,http://media.aldoshoes.com/product/AGRUDE/28/AGRUDE_28_RG_160.JPG,Agrude,$120.00,http://www.aldoshoes.com/us/en_US/Men/Shoes/c/210/Agrude/p/39763777-28,Aldo,m
4,http://media.aldoshoes.com/product/BIAGGO-U/97/BIAGGO-U_97_RG_160.JPG,Biaggo-U,$120.00,http://www.aldoshoes.com/us/en_US/Men/Shoes/c/210/Biaggo-U/p/40328553-97,Aldo,m
5,http://media.aldoshoes.com/product/TRIRANG/98/TRIRANG_98_RG_160.JPG,Trirang,$74.98,http://www.aldoshoes.com/us/en_US/Men/Shoes/c/210/Trirang/p/44000862-98,Aldo,m
6,http://media.aldoshoes.com/product/ESAL-U/97/ESAL-U_97_RG_160.JPG,Esal-U,$110.00,http://www.aldoshoes.com/us/en_US/Men/Shoes/c/210/Esal-U/p/44275233-97,Aldo,m
7,http://media.aldoshoes.com/product/GRIAVIEL/28/GRIAVIEL_28_RG_160.JPG,Griaviel,$54.98,http://www.aldoshoes.com/us/en_US/Men/Shoes/c/210/Griaviel/p/45311021-28,Aldo,m
8,http://media.aldoshoes.com/product/GRIAVIEL/97/GRIAVIEL_97_RG_160.JPG,Griaviel,$54.98,http://www.aldoshoes.com/us/en_US/Men/Shoes/c/210/Griaviel/p/45311021-97,Aldo,m
9,http://media.aldoshoes.com/product/FREIDHOF/28/FREIDHOF_28_RG_160.JPG,Freidhof,$59.98,http://www.aldoshoes.com/us/en_US/Men/Shoes/c/210/Freidhof/p/45337512-28,Aldo,m
10,http://media.aldoshoes.com/product/FREIDHOF/97/FREIDHOF_97_RG_160.JPG,Freidhof,$59.98,http://www.aldoshoes.com/us/en_US/Men/Shoes/c/210/Freidhof/p/45337512-97,Aldo,m
11,http://media.aldoshoes.com/product/EUDORISTE/97/EUDORISTE_97_RG_160.JPG,Eudoriste,$34.99,http://www.aldoshoes.com/us/en_US/Men/Shoes/c/210/Eudoriste/p/45437468-97,Aldo,m
12,http://media.aldoshoes.com/product/AGRALISSA/97/AGRALISSA_97_RG_160.JPG,Agralissa,$39.99,http://www.aldoshoes.com/us/en_US/Men/Shoes/c/210/Agralissa/p/45438348-97,Aldo,m
13,http://media.aldoshoes.com/product/ALALISIEN/1/ALALISIEN_1_RG_160.JPG,Alalisien,$62.50,http://www.aldoshoes.com/us/en_US/Men/Shoes/c/210/Alalisien/p/45443761-1,Aldo,m
14,http://media.aldoshoes.com/product/ALALISIEN/12/ALALISIEN_12_RG_160.JPG,Alalisien,$125.00,http://www.aldoshoes.com/us/en_US/Men/Shoes/c/210/Alalisien/p/45443761-12,Aldo,m
15,http://media.aldoshoes.com/product/ALALISIEN/18/ALALISIEN_18_RG_160.JPG,Alalisien,$125.00,http://www.aldoshoes.com/us/en_US/Men/Shoes/c/210/Alalisien/p/45443761-18,Aldo,m
16,http://media.aldoshoes.com/product/ALALISIEN/2/ALALISIEN_2_RG_160.JPG,Alalisien,$125.00,http://www.aldoshoes.com/us/en_US/Men/Shoes/c/210/Alalisien/p/45443761-2,Aldo,m
17,http://media.aldoshoes.com/product/ALALISIEN/36/ALALISIEN_36_RG_160.JPG,Alalisien,$125.00,http://www.aldoshoes.com/us/en_US/Men/Shoes/c/210/Alalisien/p/45443761-36,Aldo,m
18,http://media.aldoshoes.com/product/ALALISIEN/98/ALALISIEN_98_RG_160.JPG,Alalisien,$125.00,http://www.aldoshoes.com/us/en_US/Men/Shoes/c/210/Alalisien/p/45443761-98,Aldo,m
19,http://media.aldoshoes.com/product/PRAODIA/28/PRAODIA_28_RG_160.JPG,Praodia,$125.00,http://www.aldoshoes.com/us/en_US/Men/Shoes/c/210/Praodia/p/45480394-28,Aldo,m
20,http://media.aldoshoes.com/product/BLITHHERE/28/BLITHHERE_28_RG_160.JPG,Blithhere,$62.50,http://www.aldoshoes.com/us/en_US/Men/Shoes/c/210/Blithhere/p/45483835-28,Aldo,m
21,http://media.aldoshoes.com/product/BLITHHERE/97/BLITHHERE_97_RG_160.JPG,Blithhere,$62.50,http://www.aldoshoes.com/us/en_US/Men/Shoes/c/210/Blithhere/p/45483835-97,Aldo,m
22,http://media.aldoshoes.com/product/VAYWEN/70/VAYWEN_70_RG_160.JPG,Vaywen,$85.00,http://www.aldoshoes.com/us/en_US/Men/Shoes/c/210/Vaywen/p/45486155-70,Aldo,m
23,http://media.aldoshoes.com/product/VAYWEN/98/VAYWEN_98_RG_160.JPG,Vaywen,$85.00,http://www.aldoshoes.com/us/en_US/Men/Shoes/c/210/Vaywen/p/45486155-98,Aldo,m
24,http://media.aldoshoes.com/product/NIVAUX/70/NIVAUX_70_RG_160.JPG,Nivaux,$75.00,http://www.aldoshoes.com/us/en_US/Men/Shoes/c/210/Nivaux/p/45489137-70,Aldo,m
25,http://media.aldoshoes.com/product/NIVAUX/98/NIVAUX_98_RG_160.JPG,Nivaux,$75.00,http://www.aldoshoes.com/us/en_US/Men/Shoes/c/210/Nivaux/p/45489137-98,Aldo,m
26,http://media.aldoshoes.com/product/ASWINE/97/ASWINE_97_RG_160.JPG,Aswine,$125.00,http://www.aldoshoes.com/us/en_US/Men/Shoes/c/210/Aswine/p/45538664-97,Aldo,m
27,http://media.aldoshoes.com/product/EUDORIAS/21/EUDORIAS_21_RG_160.JPG,Eudorias,$49.99,http://www.aldoshoes.com/us/en_US/Men/Shoes/c/210/Eudorias/p/45560546-21,Aldo,m
28,http://media.aldoshoes.com/product/DEBERT/2/DEBERT_2_RG_160.JPG,Debert,$32.50,http://www.aldoshoes.com/us/en_US/Men/Shoes/c/210/Debert/p/45561864-2,Aldo,m
29,http://media.aldoshoes.com/product/DEBERT/62/DEBERT_62_RG_160.JPG,Debert,$32.50,http://www.aldoshoes.com/us/en_US/Men/Shoes/c/210/Debert/p/45561864-62,Aldo,m
30,http://media.aldoshoes.com/product/DEBERT/98/DEBERT_98_RG_160.JPG,Debert,$32.50,http://www.aldoshoes.com/us/en_US/Men/Shoes/c/210/Debert/p/45561864-98,Aldo,m
31,http://media.aldoshoes.com/product/RODALLO/28/RODALLO_28_RG_160.JPG,Rodallo,$62.50,http://www.aldoshoes.com/us/en_US/Men/Shoes/c/210/Rodallo/p/45561872-28,Aldo,m
32,http://media.aldoshoes.com/product/RODALLO/97/RODALLO_97_RG_160.JPG,Rodallo,$62.50,http://www.aldoshoes.com/us/en_US/Men/Shoes/c/210/Rodallo/p/45561872-97,Aldo,m
33,http://media.aldoshoes.com/product/Zurlo/2/ZURLO_2_RG_160.JPG,Zurlo,$120.00,http://www.aldoshoes.com/us/en_US/Men/Shoes/c/210/Zurlo/p/45785403-2,Aldo,m
34,http://media.aldoshoes.com/product/ZURLO/21/ZURLO_21_RG_160.JPG,Zurlo,$120.00,http://www.aldoshoes.com/us/en_US/Men/Shoes/c/210/Zurlo/p/45785403-21,Aldo,m
35,http://media.aldoshoes.com/product/ZURLO/22/ZURLO_22_RG_160.jpg,Zurlo,$60.00,http://www.aldoshoes.com/us/en_US/Men/Shoes/c/210/Zurlo/p/45785403-22,Aldo,m
36,http://media.aldoshoes.com/product/ZURLO/45/ZURLO_45_RG_160.JPG,Zurlo,$60.00,http://www.aldoshoes.com/us/en_US/Men/Shoes/c/210/Zurlo/p/45785403-45,Aldo,m
37,http://media.aldoshoes.com/product/ZURLO/61/ZURLO_61_RG_160.JPG,Zurlo,$120.00,http://www.aldoshoes.com/us/en_US/Men/Shoes/c/210/Zurlo/p/45785403-61,Aldo,m
38,http://media.aldoshoes.com/product/ZURLO/91/ZURLO_91_RG_160.JPG,Zurlo,$120.00,http://www.aldoshoes.com/us/en_US/Men/Shoes/c/210/Zurlo/p/45785403-91,Aldo,m
39,http://media.aldoshoes.com/product/INGOMER/12/INGOMER_12_RG_160.JPG,Ingomer,$75.00,http://www.aldoshoes.com/us/en_US/Men/Shoes/c/210/Ingomer/p/45973367-12,Aldo,m
40,http://media.aldoshoes.com/product/INGOMER/6/INGOMER_6_RG_160.JPG,Ingomer,$37.50,http://www.aldoshoes.com/us/en_US/Men/Shoes/c/210/Ingomer/p/45973367-6,Aldo,m
41,http://media.aldoshoes.com/product/LYSANDRE/28/LYSANDRE_28_RG_160.JPG,Lysandre,$30.00,http://www.aldoshoes.com/us/en_US/Men/Shoes/c/210/Lysandre/p/46141087-28,Aldo,m
42,http://media.aldoshoes.com/product/GERE/28/GERE_28_RG_160.JPG,Gere,$80.00,http://www.aldoshoes.com/us/en_US/Men/Shoes/c/210/Gere/p/46141116-28,Aldo,m
43,http://media.aldoshoes.com/product/DRABKIN/12/DRABKIN_12_RG_160.JPG,Drabkin,$62.50,http://www.aldoshoes.com/us/en_US/Men/Shoes/c/210/Drabkin/p/46201860-12,Aldo,m
44,http://media.aldoshoes.com/product/DRABKIN/62/DRABKIN_62_RG_160.JPG,Drabkin,$62.50,http://www.aldoshoes.com/us/en_US/Men/Shoes/c/210/Drabkin/p/46201860-62,Aldo,m
45,http://media.aldoshoes.com/product/DRABKIN/63/DRABKIN_63_RG_160.JPG,Drabkin,$62.50,http://www.aldoshoes.com/us/en_US/Men/Shoes/c/210/Drabkin/p/46201860-63,Aldo,m
46,http://media.aldoshoes.com/product/TOREY/22/TOREY_22_RG_160.JPG,Torey,$120.00,http://www.aldoshoes.com/us/en_US/Men/Shoes/c/210/Torey/p/46352562-22,Aldo,m
47,http://media.aldoshoes.com/product/TOREY/97/TOREY_97_RG_160.JPG,Torey,$120.00,http://www.aldoshoes.com/us/en_US/Men/Shoes/c/210/Torey/p/46352562-97,Aldo,m
48,http://media.aldoshoes.com/product/LOVILIA/36/LOVILIA_36_RG_160.JPG,Lovilia,$65.00,http://www.aldoshoes.com/us/en_US/Men/Shoes/c/210/Lovilia/p/46372731-36,Aldo,m
49,http://media.aldoshoes.com/product/LOVILIA/60/LOVILIA_60_RG_160.JPG,Lovilia,$65.00,http://www.aldoshoes.com/us/en_US/Men/Shoes/c/210/Lovilia/p/46372731-60,Aldo,m
50,http://media.aldoshoes.com/product/LOVILIA/62/LOVILIA_62_RG_160.JPG,Lovilia,$65.00,http://www.aldoshoes.com/us/en_US/Men/Shoes/c/210/Lovilia/p/46372731-62,Aldo,m
51,http://media.aldoshoes.com/product/LOVILIA/91/LOVILIA_91_RG_160.JPG,Lovilia,$65.00,http://www.aldoshoes.com/us/en_US/Men/Shoes/c/210/Lovilia/p/46372731-91,Aldo,m
52,http://media.aldoshoes.com/product/GARIBALDO/1/GARIBALDO_1_RG_160.JPG,Garibaldo,$110.00,http://www.aldoshoes.com/us/en_US/Men/Shoes/c/210/Garibaldo/p/46382307-1,Aldo,m
53,http://media.aldoshoes.com/product/GARIBALDO/36/GARIBALDO_36_RG_160.JPG,Garibaldo,$110.00,http://www.aldoshoes.com/us/en_US/Men/Shoes/c/210/Garibaldo/p/46382307-36,Aldo,m
54,http://media.aldoshoes.com/product/GARIBALDO/61/GARIBALDO_61_RG_160.JPG,Garibaldo,$110.00,http://www.aldoshoes.com/us/en_US/Men/Shoes/c/210/Garibaldo/p/46382307-61,Aldo,m
55,http://media.aldoshoes.com/product/GARIBALDO/91/GARIBALDO_91_RG_160.JPG,Garibaldo,$110.00,http://www.aldoshoes.com/us/en_US/Men/Shoes/c/210/Garibaldo/p/46382307-91,Aldo,m
56,http://media.aldoshoes.com/product/CARTYVILLE/97/CARTYVILLE_97_RG_160.JPG,Cartyville,$45.00,http://www.aldoshoes.com/us/en_US/Men/Shoes/c/210/Cartyville/p/46461486-97,Aldo,m
57,http://media.aldoshoes.com/product/VELAWEN/2/VELAWEN_2_RG_160.JPG,Velawen,$32.50,http://www.aldoshoes.com/us/en_US/Men/Shoes/c/210/Velawen/p/46466551-2,Aldo,m
58,http://media.aldoshoes.com/product/VELAWEN/70/VELAWEN_70_RG_160.JPG,Velawen,$32.50,http://www.aldoshoes.com/us/en_US/Men/Shoes/c/210/Velawen/p/46466551-70,Aldo,m
59,http://media.aldoshoes.com/product/VELAWEN/97/VELAWEN_97_RG_160.JPG,Velawen,$32.50,http://www.aldoshoes.com/us/en_US/Men/Shoes/c/210/Velawen/p/46466551-97,Aldo,m
60,http://media.aldoshoes.com/product/PORZANO/12/PORZANO_12_RG_160.JPG,Porzano,$30.00,http://www.aldoshoes.com/us/en_US/Men/Shoes/c/210/Porzano/p/46488427-12,Aldo,m
61,http://media.aldoshoes.com/product/PORZANO/28/PORZANO_28_RG_160.JPG,Porzano,$30.00,http://www.aldoshoes.com/us/en_US/Men/Shoes/c/210/Porzano/p/46488427-28,Aldo,m
62,http://media.aldoshoes.com/product/SAGONA/28/SAGONA_28_RG_160.JPG,Sagona,$60.00,http://www.aldoshoes.com/us/en_US/Men/Shoes/c/210/Sagona/p/46508029-28,Aldo,m
63,http://media.aldoshoes.com/product/SAGONA/97/SAGONA_97_RG_160.JPG,Sagona,$60.00,http://www.aldoshoes.com/us/en_US/Men/Shoes/c/210/Sagona/p/46508029-97,Aldo,m
64,http://media.aldoshoes.com/product/FERNIE/2/FERNIE_2_RG_160.JPG,Fernie,$90.00,http://www.aldoshoes.com/us/en_US/Men/Shoes/c/210/Fernie/p/46599805-2,Aldo,m
65,http://media.aldoshoes.com/product/FERNIE/97/FERNIE_97_RG_160.JPG,Fernie,$90.00,http://www.aldoshoes.com/us/en_US/Men/Shoes/c/210/Fernie/p/46599805-97,Aldo,m
66,http://media.aldoshoes.com/product/WAKLER-U/28/WAKLER-U_28_RG_160.JPG,Wakler-U,$110.00,http://www.aldoshoes.com/us/en_US/Men/Shoes/c/210/Wakler-U/p/46714906-28,Aldo,m
67,http://media.aldoshoes.com/product/WAKLER-U/97/WAKLER-U_97_RG_160.JPG,Wakler-U,$110.00,http://www.aldoshoes.com/us/en_US/Men/Shoes/c/210/Wakler-U/p/46714906-97,Aldo,m
68,http://media.aldoshoes.com/product/VASILIOS/98/VASILIOS_98_RG_160.JPG,Vasilios,$30.00,http://www.aldoshoes.com/us/en_US/Men/Shoes/c/210/Vasilios/p/46803546-98,Aldo,m
69,http://media.aldoshoes.com/product/FLORIEN/28/FLORIEN_28_RG_160.JPG,Florien,$62.50,http://www.aldoshoes.com/us/en_US/Men/Shoes/c/210/Florien/p/47637690-28,Aldo,m
70,http://media.aldoshoes.com/product/FLORIEN/97/FLORIEN_97_RG_160.JPG,Florien,$62.50,http://www.aldoshoes.com/us/en_US/Men/Shoes/c/210/Florien/p/47637690-97,Aldo,m
71,http://media.aldoshoes.com/product/DERIK/18/DERIK_18_RG_160.jpg,Derik,$110.00,http://www.aldoshoes.com/us/en_US/Men/Shoes/c/210/Derik/p/47638984-18,Aldo,m
72,http://media.aldoshoes.com/product/DERIK/36/DERIK_36_RG_160.JPG,Derik,$110.00,http://www.aldoshoes.com/us/en_US/Men/Shoes/c/210/Derik/p/47638984-36,Aldo,m
73,http://media.aldoshoes.com/product/DERIK/97/DERIK_97_RG_160.jpg,Derik,$110.00,http://www.aldoshoes.com/us/en_US/Men/Shoes/c/210/Derik/p/47638984-97,Aldo,m
74,http://media.aldoshoes.com/product/WASKADA/28/WASKADA_28_RG_160.JPG,Waskada,$70.00,http://www.aldoshoes.com/us/en_US/Men/Shoes/c/210/Waskada/p/47644612-28,Aldo,m
75,http://media.aldoshoes.com/product/WASKADA/44/WASKADA_44_RG_160.JPG,Waskada,$70.00,http://www.aldoshoes.com/us/en_US/Men/Shoes/c/210/Waskada/p/47644612-44,Aldo,m
76,http://media.aldoshoes.com/product/WASKADA/97/WASKADA_97_RG_160.JPG,Waskada,$70.00,http://www.aldoshoes.com/us/en_US/Men/Shoes/c/210/Waskada/p/47644612-97,Aldo,m
77,http://media.aldoshoes.com/product/QELALLE/2/QELALLE_2_RG_160.JPG,Qelalle,$62.50,http://www.aldoshoes.com/us/en_US/Men/Shoes/c/210/Qelalle/p/47646431-2,Aldo,m
78,http://media.aldoshoes.com/product/QELALLE/62/QELALLE_62_RG_160.JPG,Qelalle,$62.50,http://www.aldoshoes.com/us/en_US/Men/Shoes/c/210/Qelalle/p/47646431-62,Aldo,m
79,http://media.aldoshoes.com/product/QELALLE/97/QELALLE_97_RG_160.JPG,Qelalle,$62.50,http://www.aldoshoes.com/us/en_US/Men/Shoes/c/210/Qelalle/p/47646431-97,Aldo,m
80,http://media.aldoshoes.com/product/HAELASIEN/28/HAELASIEN_28_RG_160.jpg,Haelasien,$35.00,http://www.aldoshoes.com/us/en_US/Men/Shoes/c/210/Haelasien/p/47650254-28,Aldo,m
81,http://media.aldoshoes.com/product/SEVERAWIEN/28/SEVERAWIEN_28_RG_160.JPG,Severawien,$50.00,http://www.aldoshoes.com/us/en_US/Men/Shoes/c/210/Severawien/p/47650692-28,Aldo,m
82,http://media.aldoshoes.com/product/SEVERAWIEN/98/SEVERAWIEN_98_RG_160.JPG,Severawien,$50.00,http://www.aldoshoes.com/us/en_US/Men/Shoes/c/210/Severawien/p/47650692-98,Aldo,m
83,http://media.aldoshoes.com/product/SIGRUN/2/SIGRUN_2_RG_160.JPG,Sigrun,$42.50,http://www.aldoshoes.com/us/en_US/Men/Shoes/c/210/Sigrun/p/47654810-2,Aldo,m
84,http://media.aldoshoes.com/product/SIGRUN/97/SIGRUN_97_RG_160.JPG,Sigrun,$42.50,http://www.aldoshoes.com/us/en_US/Men/Shoes/c/210/Sigrun/p/47654810-97,Aldo,m
85,http://media.aldoshoes.com/product/GRAVAGNA/20/GRAVAGNA_20_RG_160.JPG,Gravagna,$62.50,http://www.aldoshoes.com/us/en_US/Men/Shoes/c/210/Gravagna/p/47713294-20,Aldo,m
86,http://media.aldoshoes.com/product/GRAVAGNA/29/GRAVAGNA_29_RG_160.JPG,Gravagna,$62.50,http://www.aldoshoes.com/us/en_US/Men/Shoes/c/210/Gravagna/p/47713294-29,Aldo,m
87,http://media.aldoshoes.com/product/YERILIAN/1/YERILIAN_1_RG_160.JPG,Yerilian,$55.00,http://www.aldoshoes.com/us/en_US/Men/Shoes/c/210/Yerilian/p/47714078-1,Aldo,m
88,http://media.aldoshoes.com/product/YERILIAN/36/YERILIAN_36_RG_160.JPG,Yerilian,$55.00,http://www.aldoshoes.com/us/en_US/Men/Shoes/c/210/Yerilian/p/47714078-36,Aldo,m
89,http://media.aldoshoes.com/product/YERILIAN/45/YERILIAN_45_RG_160.JPG,Yerilian,$55.00,http://www.aldoshoes.com/us/en_US/Men/Shoes/c/210/Yerilian/p/47714078-45,Aldo,m
90,http://media.aldoshoes.com/product/SDOBBA/22/SDOBBA_22_RG_160.JPG,Sdobba,$65.00,http://www.aldoshoes.com/us/en_US/Men/Shoes/c/210/Sdobba/p/47715505-22,Aldo,m
91,http://media.aldoshoes.com/product/SDOBBA/28/SDOBBA_28_RG_160.JPG,Sdobba,$65.00,http://www.aldoshoes.com/us/en_US/Men/Shoes/c/210/Sdobba/p/47715505-28,Aldo,m
92,http://media.aldoshoes.com/product/SDOBBA/97/SDOBBA_97_RG_160.JPG,Sdobba,$65.00,http://www.aldoshoes.com/us/en_US/Men/Shoes/c/210/Sdobba/p/47715505-97,Aldo,m
93,http://media.aldoshoes.com/product/COLZA/28/COLZA_28_RG_160.JPG,Colza,$65.00,http://www.aldoshoes.com/us/en_US/Men/Shoes/c/210/Colza/p/47717885-28,Aldo,m
94,http://media.aldoshoes.com/product/Lovaocien/97/LOVAOCIEN_97_RG_160.JPG,Lovaocien,$50.00,http://www.aldoshoes.com/us/en_US/Men/Shoes/c/210/Lovaocien/p/47749318-97,Aldo,m
95,http://media.aldoshoes.com/product/TROIWET/28/TROIWET_28_RG_160.JPG,Troiwet,$60.00,http://www.aldoshoes.com/us/en_US/Men/Shoes/c/210/Troiwet/p/47749473-28,Aldo,m
96,http://media.aldoshoes.com/product/TROIWET/97/TROIWET_97_RG_160.JPG,Troiwet,$60.00,http://www.aldoshoes.com/us/en_US/Men/Shoes/c/210/Troiwet/p/47749473-97,Aldo,m
97,http://media.aldoshoes.com/product/CRAOSA/28/CRAOSA_28_RG_160.JPG,Craosa,$120.00,http://www.aldoshoes.com/us/en_US/Men/Shoes/c/210/Craosa/p/47750829-28,Aldo,m
98,http://media.aldoshoes.com/product/CRAOSA/97/CRAOSA_97_RG_160.JPG,Craosa,$120.00,http://www.aldoshoes.com/us/en_US/Men/Shoes/c/210/Craosa/p/47750829-97,Aldo,m
99,http://media.aldoshoes.com/product/Mcgourty/28/MCGOURTY_28_RG_160.JPG,Mcgourty,$42.50,http://www.aldoshoes.com/us/en_US/Men/Shoes/c/210/Mcgourty/p/47751282-28,Aldo,m
100,http://media.aldoshoes.com/product/MCGOURTY/97/MCGOURTY_97_RG_160.JPG,Mcgourty,$42.50,http://www.aldoshoes.com/us/en_US/Men/Shoes/c/210/Mcgourty/p/47751282-97,Aldo,m
101,http://media.aldoshoes.com/product/WEN/1/WEN_1_RG_160.JPG,Wen,$60.00,http://www.aldoshoes.com/us/en_US/Men/Shoes/c/210/Wen/p/47751290-1,Aldo,m
102,http://media.aldoshoes.com/product/WEN/21/WEN_21_RG_160.JPG,Wen,$60.00,http://www.aldoshoes.com/us/en_US/Men/Shoes/c/210/Wen/p/47751290-21,Aldo,m
103,http://media.aldoshoes.com/product/WEN/46/WEN_46_RG_160.JPG,Wen,$60.00,http://www.aldoshoes.com/us/en_US/Men/Shoes/c/210/Wen/p/47751290-46,Aldo,m
104,http://media.aldoshoes.com/product/WEN/91/WEN_91_RG_160.JPG,Wen,$60.00,http://www.aldoshoes.com/us/en_US/Men/Shoes/c/210/Wen/p/47751290-91,Aldo,m
105,http://media.aldoshoes.com/product/IBALIWEN/18/IBALIWEN_18_RG_160.JPG,Ibaliwen,$90.00,http://www.aldoshoes.com/us/en_US/Men/Shoes/c/210/Ibaliwen/p/47751303-18,Aldo,m
106,http://media.aldoshoes.com/product/IBALIWEN/28/IBALIWEN_28_RG_160.JPG,Ibaliwen,$90.00,http://www.aldoshoes.com/us/en_US/Men/Shoes/c/210/Ibaliwen/p/47751303-28,Aldo,m
107,http://media.aldoshoes.com/product/IBALIWEN/97/IBALIWEN_97_RG_160.JPG,Ibaliwen,$90.00,http://www.aldoshoes.com/us/en_US/Men/Shoes/c/210/Ibaliwen/p/47751303-97,Aldo,m
108,http://media.aldoshoes.com/product/ABIRADIA/2/ABIRADIA_2_RG_160.JPG,Abiradia,$35.00,http://www.aldoshoes.com/us/en_US/Men/Shoes/c/210/Abiradia/p/47752322-2,Aldo,m
109,http://media.aldoshoes.com/product/ABIRADIA/97/ABIRADIA_97_RG_160.JPG,Abiradia,$35.00,http://www.aldoshoes.com/us/en_US/Men/Shoes/c/210/Abiradia/p/47752322-97,Aldo,m
110,http://media.aldoshoes.com/product/ADARWEN/28/ADARWEN_28_RG_160.JPG,Adarwen,$37.50,http://www.aldoshoes.com/us/en_US/Men/Shoes/c/210/Adarwen/p/47752955-28,Aldo,m
111,http://media.aldoshoes.com/product/ADARWEN/97/ADARWEN_97_RG_160.JPG,Adarwen,$37.50,http://www.aldoshoes.com/us/en_US/Men/Shoes/c/210/Adarwen/p/47752955-97,Aldo,m
112,http://media.aldoshoes.com/product/DELSANTO/28/DELSANTO_28_RG_160.JPG,Delsanto,$37.50,http://www.aldoshoes.com/us/en_US/Men/Shoes/c/210/Delsanto/p/47769642-28,Aldo,m
113,http://media.aldoshoes.com/product/DELSANTO/98/DELSANTO_98_RG_160.JPG,Delsanto,$37.50,http://www.aldoshoes.com/us/en_US/Men/Shoes/c/210/Delsanto/p/47769642-98,Aldo,m
114,http://media.aldoshoes.com/product/ASARIA/91/ASARIA_91_RG_160.JPG,Asaria,$110.00,http://www.aldoshoes.com/us/en_US/Men/Shoes/c/210/Asaria/p/47772083-91,Aldo,m
115,http://media.aldoshoes.com/product/ASARIA/95/ASARIA_95_RG_160.JPG,Asaria,$110.00,http://www.aldoshoes.com/us/en_US/Men/Shoes/c/210/Asaria/p/47772083-95,Aldo,m
116,http://media.aldoshoes.com/product/ASARIA/97/ASARIA_97_RG_160.JPG,Asaria,$120.00,http://www.aldoshoes.com/us/en_US/Men/Shoes/c/210/Asaria/p/47772083-97,Aldo,m
117,http://media.aldoshoes.com/product/AAUWEN/18/AAUWEN_18_RG_160.JPG,Aauwen,$75.00,http://www.aldoshoes.com/us/en_US/Men/Shoes/c/210/Aauwen/p/47772331-18,Aldo,m
118,http://media.aldoshoes.com/product/AAUWEN/28/AAUWEN_28_RG_160.JPG,Aauwen,$75.00,http://www.aldoshoes.com/us/en_US/Men/Shoes/c/210/Aauwen/p/47772331-28,Aldo,m
119,http://media.aldoshoes.com/product/AAUWEN/97/AAUWEN_97_RG_160.JPG,Aauwen,$75.00,http://www.aldoshoes.com/us/en_US/Men/Shoes/c/210/Aauwen/p/47772331-97,Aldo,m
120,http://media.aldoshoes.com/product/KARSEN/22/KARSEN_22_RG_160.JPG,Karsen,$70.00,http://www.aldoshoes.com/us/en_US/Men/Shoes/c/210/Karsen/p/47773385-22,Aldo,m
121,http://media.aldoshoes.com/product/DWILAN/28/DWILAN_28_RG_160.JPG,Dwilan,$70.00,http://www.aldoshoes.com/us/en_US/Men/Shoes/c/210/Dwilan/p/47773449-28,Aldo,m
122,http://media.aldoshoes.com/product/ARPESINA/22/ARPESINA_22_RG_160.JPG,Arpesina,$60.00,http://www.aldoshoes.com/us/en_US/Men/Shoes/c/210/Arpesina/p/47775145-22,Aldo,m
123,http://media.aldoshoes.com/product/OLADONIA/18/OLADONIA_18_RG_160.JPG,Oladonia,$110.00,http://www.aldoshoes.com/us/en_US/Men/Shoes/c/210/Oladonia/p/47777888-18,Aldo,m
124,http://media.aldoshoes.com/product/OLADONIA/36/OLADONIA_36_RG_160.JPG,Oladonia,$110.00,http://www.aldoshoes.com/us/en_US/Men/Shoes/c/210/Oladonia/p/47777888-36,Aldo,m
125,http://media.aldoshoes.com/product/OLADONIA/97/OLADONIA_97_RG_160.JPG,Oladonia,$110.00,http://www.aldoshoes.com/us/en_US/Men/Shoes/c/210/Oladonia/p/47777888-97,Aldo,m
126,http://media.aldoshoes.com/product/BATTOLLA/22/BATTOLLA_22_RG_160.JPG,Battolla,$75.00,http://www.aldoshoes.com/us/en_US/Men/Shoes/c/210/Battolla/p/47810967-22,Aldo,m
127,http://media.aldoshoes.com/product/BATTOLLA/28/BATTOLLA_28_RG_160.JPG,Battolla,$75.00,http://www.aldoshoes.com/us/en_US/Men/Shoes/c/210/Battolla/p/47810967-28,Aldo,m
128,http://media.aldoshoes.com/product/BATTOLLA/97/BATTOLLA_97_RG_160.JPG,Battolla,$75.00,http://www.aldoshoes.com/us/en_US/Men/Shoes/c/210/Battolla/p/47810967-97,Aldo,m
129,http://media.aldoshoes.com/product/EDANI/28/EDANI_28_RG_160.JPG,Edani,$130.00,http://www.aldoshoes.com/us/en_US/Men/Shoes/c/210/Edani/p/47846425-28,Aldo,m
130,http://media.aldoshoes.com/product/EDANI/97/EDANI_97_RG_160.JPG,Edani,$130.00,http://www.aldoshoes.com/us/en_US/Men/Shoes/c/210/Edani/p/47846425-97,Aldo,m
131,http://media.aldoshoes.com/product/GOLSTON/97/GOLSTON_97_RG_160.JPG,Golston,$69.98,http://www.aldoshoes.com/us/en_US/Men/Shoes/c/210/Golston/p/47847663-97,Aldo,m
132,http://media.aldoshoes.com/product/RAYMENT/28/RAYMENT_28_RG_160.JPG,Rayment,$65.00,http://www.aldoshoes.com/us/en_US/Men/Shoes/c/210/Rayment/p/47847735-28,Aldo,m
133,http://media.aldoshoes.com/product/RAYMENT/97/RAYMENT_97_RG_160.JPG,Rayment,$65.00,http://www.aldoshoes.com/us/en_US/Men/Shoes/c/210/Rayment/p/47847735-97,Aldo,m
134,http://media.aldoshoes.com/product/CREEMORE/28/CREEMORE_28_RG_160.jpg,Creemore,$60.00,http://www.aldoshoes.com/us/en_US/Men/Shoes/c/210/Creemore/p/47848957-28,Aldo,m
135,http://media.aldoshoes.com/product/CREEMORE/45/CREEMORE_45_RG_160.JPG,Creemore,$60.00,http://www.aldoshoes.com/us/en_US/Men/Shoes/c/210/Creemore/p/47848957-45,Aldo,m
136,http://media.aldoshoes.com/product/CREEMORE/97/CREEMORE_97_RG_160.jpg,Creemore,$60.00,http://www.aldoshoes.com/us/en_US/Men/Shoes/c/210/Creemore/p/47848957-97,Aldo,m
137,http://media.aldoshoes.com/product/HOREVIA/26/HOREVIA_26_RG_160.JPG,Horevia,$69.98,http://www.aldoshoes.com/us/en_US/Men/Shoes/c/210/Horevia/p/47848973-26,Aldo,m
138,http://media.aldoshoes.com/product/GRIAMA/26/GRIAMA_26_RG_160.JPG,Griama,$70.00,http://www.aldoshoes.com/us/en_US/Men/Shoes/c/210/Griama/p/47850408-26,Aldo,m
139,http://media.aldoshoes.com/product/PICCADILLY/28/PICCADILLY_28_RG_160.JPG,Piccadilly,$125.00,http://www.aldoshoes.com/us/en_US/Men/Shoes/c/210/Piccadilly/p/47850897-28,Aldo,m
140,http://media.aldoshoes.com/product/PICCADILLY/97/PICCADILLY_97_RG_160.JPG,Piccadilly,$125.00,http://www.aldoshoes.com/us/en_US/Men/Shoes/c/210/Piccadilly/p/47850897-97,Aldo,m
141,http://media.aldoshoes.com/product/LONGIANO/28/LONGIANO_28_RG_160.JPG,Longiano,$55.00,http://www.aldoshoes.com/us/en_US/Men/Shoes/c/210/Longiano/p/47851267-28,Aldo,m
142,http://media.aldoshoes.com/product/YADIA/97/YADIA_97_RG_160.JPG,Yadia,$62.50,http://www.aldoshoes.com/us/en_US/Men/Shoes/c/210/Yadia/p/47852104-97,Aldo,m
143,http://media.aldoshoes.com/product/FILDES/28/FILDES_28_RG_160.jpg,Fildes,$110.00,http://www.aldoshoes.com/us/en_US/Men/Shoes/c/210/Fildes/p/47852761-28,Aldo,m
144,http://media.aldoshoes.com/product/FILDES/97/FILDES_97_RG_160.JPG,Fildes,$110.00,http://www.aldoshoes.com/us/en_US/Men/Shoes/c/210/Fildes/p/47852761-97,Aldo,m
145,http://media.aldoshoes.com/product/NODIA/28/NODIA_28_RG_160.JPG,Nodia,$61.98,http://www.aldoshoes.com/us/en_US/Men/Shoes/c/210/Nodia/p/47852825-28,Aldo,m
146,http://media.aldoshoes.com/product/NODIA/97/NODIA_97_RG_160.JPG,Nodia,$61.98,http://www.aldoshoes.com/us/en_US/Men/Shoes/c/210/Nodia/p/47852825-97,Aldo,m
147,http://media.aldoshoes.com/product/CARESIEN/97/CARESIEN_97_RG_160.JPG,Caresien,$80.00,http://www.aldoshoes.com/us/en_US/Men/Shoes/c/210/Caresien/p/47853764-97,Aldo,m
148,http://media.aldoshoes.com/product/UFIC/28/UFIC_28_RG_160.JPG,Ufic,$55.00,http://www.aldoshoes.com/us/en_US/Men/Shoes/c/210/Ufic/p/47854601-28,Aldo,m
149,http://media.aldoshoes.com/product/UFIC/97/UFIC_97_RG_160.JPG,Ufic,$55.00,http://www.aldoshoes.com/us/en_US/Men/Shoes/c/210/Ufic/p/47854601-97,Aldo,m
150,http://media.aldoshoes.com/product/CARENO/2/CARENO_2_RG_160.JPG,Careno,$75.00,http://www.aldoshoes.com/us/en_US/Men/Shoes/c/210/Careno/p/47855241-2,Aldo,m
151,http://media.aldoshoes.com/product/CARENO/28/CARENO_28_RG_160.JPG,Careno,$75.00,http://www.aldoshoes.com/us/en_US/Men/Shoes/c/210/Careno/p/47855241-28,Aldo,m
152,http://media.aldoshoes.com/product/BARTOLELLO/28/BARTOLELLO_28_RG_160.jpg,Bartolello,$64.98,http://www.aldoshoes.com/us/en_US/Men/Shoes/c/210/Bartolello/p/47856279-28,Aldo,m
153,http://media.aldoshoes.com/product/KAOADIA/97/KAOADIA_97_RG_160.JPG,Kaoadia,$140.00,http://www.aldoshoes.com/us/en_US/Men/Shoes/c/210/Kaoadia/p/47859007-97,Aldo,m
154,http://media.aldoshoes.com/product/MCPARTLAN/28/MCPARTLAN_28_RG_160.JPG,Mcpartlan,$110.00,http://www.aldoshoes.com/us/en_US/Men/Shoes/c/210/Mcpartlan/p/47862484-28,Aldo,m
155,http://media.aldoshoes.com/product/MCPARTLAN/97/MCPARTLAN_97_RG_160.JPG,Mcpartlan,$110.00,http://www.aldoshoes.com/us/en_US/Men/Shoes/c/210/Mcpartlan/p/47862484-97,Aldo,m
156,http://media.aldoshoes.com/product/OKANAGAN/29/OKANAGAN_29_RG_160.JPG,Okanagan,$75.00,http://www.aldoshoes.com/us/en_US/Men/Shoes/c/210/Okanagan/p/47900786-29,Aldo,m
157,http://media.aldoshoes.com/product/KEDAOWIEL/97/KEDAOWIEL_97_RG_160.jpg,Kedaowiel,$85.00,http://www.aldoshoes.com/us/en_US/Men/Shoes/c/210/Kedaowiel/p/47941174-97,Aldo,m
158,http://media.aldoshoes.com/product/SAGRANI/2/SAGRANI_2_RG_160.JPG,Sagrani,$50.00,http://www.aldoshoes.com/us/en_US/Men/Shoes/c/210/Sagrani/p/47941799-2,Aldo,m
159,http://media.aldoshoes.com/product/SAGRANI/97/SAGRANI_97_RG_160.JPG,Sagrani,$50.00,http://www.aldoshoes.com/us/en_US/Men/Shoes/c/210/Sagrani/p/47941799-97,Aldo,m
160,http://media.aldoshoes.com/product/RINJARD/1/RINJARD_1_RG_160.JPG,Rinjard,$49.98,http://www.aldoshoes.com/us/en_US/Men/Shoes/c/210/Rinjard/p/47943313-1,Aldo,m
161,http://media.aldoshoes.com/product/RINJARD/91/RINJARD_91_RG_160.JPG,Rinjard,$49.98,http://www.aldoshoes.com/us/en_US/Men/Shoes/c/210/Rinjard/p/47943313-91,Aldo,m
162,http://media.aldoshoes.com/product/HONDO/28/HONDO_28_RG_160.JPG,Hondo,$74.98,http://www.aldoshoes.com/us/en_US/Men/Shoes/c/210/Hondo/p/47944236-28,Aldo,m
163,http://media.aldoshoes.com/product/PIANELLE/2/PIANELLE_2_RG_160.JPG,Pianelle,$55.00,http://www.aldoshoes.com/us/en_US/Men/Shoes/c/210/Pianelle/p/47944498-2,Aldo,m
164,http://media.aldoshoes.com/product/PIANELLE/97/PIANELLE_97_RG_160.JPG,Pianelle,$55.00,http://www.aldoshoes.com/us/en_US/Men/Shoes/c/210/Pianelle/p/47944498-97,Aldo,m
165,http://media.aldoshoes.com/product/BARTIBOG/40/BARTIBOG_40_RG_160.JPG,Bartibog,$80.00,http://www.aldoshoes.com/us/en_US/Men/Shoes/c/210/Bartibog/p/47945191-40,Aldo,m
166,http://media.aldoshoes.com/product/BARTIBOG/97/BARTIBOG_97_RG_160.JPG,Bartibog,$80.00,http://www.aldoshoes.com/us/en_US/Men/Shoes/c/210/Bartibog/p/47945191-97,Aldo,m
167,http://media.aldoshoes.com/product/WILNER/28/WILNER_28_RG_160.JPG,Wilner,$80.00,http://www.aldoshoes.com/us/en_US/Men/Shoes/c/210/Wilner/p/47945327-28,Aldo,m
168,http://media.aldoshoes.com/product/CERNEGLONS/28/CERNEGLONS_28_RG_160.JPG,Cerneglons,$130.00,http://www.aldoshoes.com/us/en_US/Men/Shoes/c/210/Cerneglons/p/47945458-28,Aldo,m
169,http://media.aldoshoes.com/product/CERNEGLONS/97/CERNEGLONS_97_RG_160.JPG,Cerneglons,$130.00,http://www.aldoshoes.com/us/en_US/Men/Shoes/c/210/Cerneglons/p/47945458-97,Aldo,m
170,http://media.aldoshoes.com/product/GALERRANG/22/GALERRANG_22_RG_160.JPG,Galerrang,$60.00,http://www.aldoshoes.com/us/en_US/Men/Shoes/c/210/Galerrang/p/47949395-22,Aldo,m
171,http://media.aldoshoes.com/product/GALERRANG/28/GALERRANG_28_RG_160.JPG,Galerrang,$120.00,http://www.aldoshoes.com/us/en_US/Men/Shoes/c/210/Galerrang/p/47949395-28,Aldo,m
172,http://media.aldoshoes.com/product/GALERRANG/97/GALERRANG_97_RG_160.JPG,Galerrang,$120.00,http://www.aldoshoes.com/us/en_US/Men/Shoes/c/210/Galerrang/p/47949395-97,Aldo,m
173,http://media.aldoshoes.com/product/MELIOT/26/MELIOT_26_RG_160.JPG,Meliot,$70.00,http://www.aldoshoes.com/us/en_US/Men/Shoes/c/210/Meliot/p/47949520-26,Aldo,m
174,http://media.aldoshoes.com/product/MELIOT/28/MELIOT_28_RG_160.JPG,Meliot,$70.00,http://www.aldoshoes.com/us/en_US/Men/Shoes/c/210/Meliot/p/47949520-28,Aldo,m
175,http://media.aldoshoes.com/product/MELIOT/97/MELIOT_97_RG_160.JPG,Meliot,$70.00,http://www.aldoshoes.com/us/en_US/Men/Shoes/c/210/Meliot/p/47949520-97,Aldo,m
176,http://media.aldoshoes.com/product/GWOWEN/97/GWOWEN_97_RG_160.jpg,Gwowen,$75.00,http://www.aldoshoes.com/us/en_US/Men/Shoes/c/210/Gwowen/p/47966080-97,Aldo,m
177,http://media.aldoshoes.com/product/HENACIEN/28/HENACIEN_28_RG_160.JPG,Henacien,$65.00,http://www.aldoshoes.com/us/en_US/Men/Shoes/c/210/Henacien/p/47966101-28,Aldo,m
178,http://media.aldoshoes.com/product/LAROVIA/18/LAROVIA_18_RG_160.JPG,Larovia,$70.00,http://www.aldoshoes.com/us/en_US/Men/Shoes/c/210/Larovia/p/47966195-18,Aldo,m
179,http://media.aldoshoes.com/product/LAROVIA/28/LAROVIA_28_RG_160.JPG,Larovia,$70.00,http://www.aldoshoes.com/us/en_US/Men/Shoes/c/210/Larovia/p/47966195-28,Aldo,m
180,http://media.aldoshoes.com/product/CAVIAGA/98/CAVIAGA_98_RG_160.JPG,Caviaga,$100.00,http://www.aldoshoes.com/us/en_US/Men/Shoes/c/210/Caviaga/p/47968190-98,Aldo,m
181,http://media.aldoshoes.com/product/Kilian/28/KILIAN_28_RG_160.JPG,Kilian,$62.50,http://www.aldoshoes.com/us/en_US/Men/Shoes/c/210/Kilian/p/47971613-28,Aldo,m
182,http://media.aldoshoes.com/product/KILIAN/97/KILIAN_97_RG_160.JPG,Kilian,$62.50,http://www.aldoshoes.com/us/en_US/Men/Shoes/c/210/Kilian/p/47971613-97,Aldo,m
183,http://media.aldoshoes.com/product/Aceaviel/28/ACEAVIEL_28_RG_160.JPG,Aceaviel,$70.00,http://www.aldoshoes.com/us/en_US/Men/Shoes/c/210/Aceaviel/p/47974304-28,Aldo,m
184,http://media.aldoshoes.com/product/NAWIEL/18/NAWIEL_18_RG_160.JPG,Nawiel,$80.00,http://www.aldoshoes.com/us/en_US/Men/Shoes/c/210/Nawiel/p/47981504-18,Aldo,m
185,http://media.aldoshoes.com/product/NAWIEL/28/NAWIEL_28_RG_160.JPG,Nawiel,$80.00,http://www.aldoshoes.com/us/en_US/Men/Shoes/c/210/Nawiel/p/47981504-28,Aldo,m
186,http://media.aldoshoes.com/product/NAWIEL/97/NAWIEL_97_RG_160.JPG,Nawiel,$80.00,http://www.aldoshoes.com/us/en_US/Men/Shoes/c/210/Nawiel/p/47981504-97,Aldo,m
187,http://media.aldoshoes.com/product/Mando/28/MANDO_28_RG_160.JPG,Mando,$80.00,http://www.aldoshoes.com/us/en_US/Men/Shoes/c/210/Mando/p/48003251-28,Aldo,m
188,http://media.aldoshoes.com/product/MANDO/97/MANDO_97_RG_160.JPG,Mando,$80.00,http://www.aldoshoes.com/us/en_US/Men/Shoes/c/210/Mando/p/48003251-97,Aldo,m
189,http://media.aldoshoes.com/product/GWIDOL/21/GWIDOL_21_RG_160.JPG,Gwidol,$65.00,http://www.aldoshoes.com/us/en_US/Men/Shoes/c/210/Gwidol/p/48220141-21,Aldo,m
190,http://media.aldoshoes.com/product/GWIDOL/29/GWIDOL_29_RG_160.JPG,Gwidol,$65.00,http://www.aldoshoes.com/us/en_US/Men/Shoes/c/210/Gwidol/p/48220141-29,Aldo,m
191,http://media.aldoshoes.com/product/GWIDOL/91/GWIDOL_91_RG_160.JPG,Gwidol,$65.00,http://www.aldoshoes.com/us/en_US/Men/Shoes/c/210/Gwidol/p/48220141-91,Aldo,m
192,http://media.aldoshoes.com/product/CLEMENS/1/CLEMENS_1_RG_160.JPG,Clemens,$55.00,http://www.aldoshoes.com/us/en_US/Men/Shoes/c/210/Clemens/p/48220934-1,Aldo,m
193,http://media.aldoshoes.com/product/CLEMENS/91/CLEMENS_91_RG_160.JPG,Clemens,$55.00,http://www.aldoshoes.com/us/en_US/Men/Shoes/c/210/Clemens/p/48220934-91,Aldo,m
194,http://media.aldoshoes.com/product/Egareg/21/EGAREG_21_RG_160.JPG,Egareg,$74.98,http://www.aldoshoes.com/us/en_US/Men/Shoes/c/210/Egareg/p/48221902-21,Aldo,m
195,http://media.aldoshoes.com/product/Ahmon/21/AHMON_21_RG_160.JPG,Ahmon,$74.98,http://www.aldoshoes.com/us/en_US/Men/Shoes/c/210/Ahmon/p/48222200-21,Aldo,m
196,http://media.aldoshoes.com/product/DAHLQUIST/1/DAHLQUIST_1_RG_160.JPG,Dahlquist,$64.98,http://www.aldoshoes.com/us/en_US/Men/Shoes/c/210/Dahlquist/p/48222235-1,Aldo,m
197,http://media.aldoshoes.com/product/KIREVIEL/22/KIREVIEL_22_RG_160.JPG,Kireviel,$65.00,http://www.aldoshoes.com/us/en_US/Men/Shoes/c/210/Kireviel/p/48280654-22,Aldo,m
198,http://media.aldoshoes.com/product/KIREVIEL/97/KIREVIEL_97_RG_160.JPG,Kireviel,$65.00,http://www.aldoshoes.com/us/en_US/Men/Shoes/c/210/Kireviel/p/48280654-97,Aldo,m
199,http://media.aldoshoes.com/product/LOVELASIEN/28/LOVELASIEN_28_RG_160.JPG,Lovelasien,$45.00,http://www.aldoshoes.com/us/en_US/Men/Shoes/c/210/Lovelasien/p/48288875-28,Aldo,m
200,http://media.aldoshoes.com/product/LOVELASIEN/97/LOVELASIEN_97_RG_160.JPG,Lovelasien,$45.00,http://www.aldoshoes.com/us/en_US/Men/Shoes/c/210/Lovelasien/p/48288875-97,Aldo,m
201,http://media.aldoshoes.com/product/Tripper/2/TRIPPER_2_RG_160.JPG,Tripper,$90.00,http://www.aldoshoes.com/us/en_US/Men/Shoes/c/210/Tripper/p/48297878-2,Aldo,m
202,http://media.aldoshoes.com/product/Tripper/28/TRIPPER_28_RG_160.JPG,Tripper,$90.00,http://www.aldoshoes.com/us/en_US/Men/Shoes/c/210/Tripper/p/48297878-28,Aldo,m
203,http://media.aldoshoes.com/product/UMALLA/28/UMALLA_28_RG_160.JPG,Umalla,$40.00,http://www.aldoshoes.com/us/en_US/Men/Shoes/c/210/Umalla/p/48644876-28,Aldo,m
204,http://media.aldoshoes.com/product/ETIARI/2/ETIARI_2_RG_160.JPG,Etiari,$75.00,http://www.aldoshoes.com/us/en_US/Men/Shoes/c/210/Etiari/p/48846179-2,Aldo,m
205,http://media.aldoshoes.com/product/ETIARI/28/ETIARI_28_RG_160.JPG,Etiari,$75.00,http://www.aldoshoes.com/us/en_US/Men/Shoes/c/210/Etiari/p/48846179-28,Aldo,m
206,http://media.aldoshoes.com/product/ETIARI/97/ETIARI_97_RG_160.JPG,Etiari,$75.00,http://www.aldoshoes.com/us/en_US/Men/Shoes/c/210/Etiari/p/48846179-97,Aldo,m
207,http://media.aldoshoes.com/product/Cornwallis/2/CORNWALLIS_2_RG_160.JPG,Cornwallis,$44.98,http://www.aldoshoes.com/us/en_US/Men/Shoes/c/210/Cornwallis/p/48847489-2,Aldo,m
208,http://media.aldoshoes.com/product/Cornwallis/98/CORNWALLIS_98_RG_160.JPG,Cornwallis,$44.98,http://www.aldoshoes.com/us/en_US/Men/Shoes/c/210/Cornwallis/p/48847489-98,Aldo,m
209,http://media.aldoshoes.com/product/Haledia/2/HALEDIA_2_RG_160.JPG,Haledia,$45.00,http://www.aldoshoes.com/us/en_US/Men/Shoes/c/210/Haledia/p/48847577-2,Aldo,m
210,http://media.aldoshoes.com/product/Haledia/98/HALEDIA_98_RG_160.JPG,Haledia,$45.00,http://www.aldoshoes.com/us/en_US/Men/Shoes/c/210/Haledia/p/48847577-98,Aldo,m
211,http://media.aldoshoes.com/product/RYSTROM/28/RYSTROM_28_RG_160.JPG,Rystrom,$45.00,http://www.aldoshoes.com/us/en_US/Men/Shoes/c/210/Rystrom/p/48850397-28,Aldo,m
212,http://media.aldoshoes.com/product/ORGAD/97/ORGAD_97_RG_160.JPG,Orgad,$120.00,http://www.aldoshoes.com/us/en_US/Men/Shoes/c/210/Orgad/p/48854830-97,Aldo,m
213,http://media.aldoshoes.com/product/YOHANANE/97/YOHANANE_97_RG_160.JPG,Yohanane,$59.98,http://www.aldoshoes.com/us/en_US/Men/Shoes/c/210/Yohanane/p/48856422-97,Aldo,m
214,http://media.aldoshoes.com/product/BEVANO/2/BEVANO_2_RG_160.JPG,Bevano,$125.00,http://www.aldoshoes.com/us/en_US/Men/Shoes/c/210/Bevano/p/48863817-2,Aldo,m
215,http://media.aldoshoes.com/product/BEVANO/36/BEVANO_36_RG_160.JPG,Bevano,$125.00,http://www.aldoshoes.com/us/en_US/Men/Shoes/c/210/Bevano/p/48863817-36,Aldo,m
216,http://media.aldoshoes.com/product/BEVANO/98/BEVANO_98_RG_160.JPG,Bevano,$125.00,http://www.aldoshoes.com/us/en_US/Men/Shoes/c/210/Bevano/p/48863817-98,Aldo,m
217,http://media.aldoshoes.com/product/BARTLEIGH/2/BARTLEIGH_2_RG_160.JPG,Bartleigh,$75.00,http://www.aldoshoes.com/us/en_US/Men/Shoes/c/210/Bartleigh/p/48865716-2,Aldo,m
218,http://media.aldoshoes.com/product/BARTLEIGH/28/BARTLEIGH_28_RG_160.JPG,Bartleigh,$75.00,http://www.aldoshoes.com/us/en_US/Men/Shoes/c/210/Bartleigh/p/48865716-28,Aldo,m
219,http://media.aldoshoes.com/product/BARTLEIGH/98/BARTLEIGH_98_RG_160.JPG,Bartleigh,$36.98,http://www.aldoshoes.com/us/en_US/Men/Shoes/c/210/Bartleigh/p/48865716-98,Aldo,m
220,http://media.aldoshoes.com/product/CAMMER/28/CAMMER_28_RG_160.JPG,Cammer,$36.98,http://www.aldoshoes.com/us/en_US/Men/Shoes/c/210/Cammer/p/48866647-28,Aldo,m
221,http://media.aldoshoes.com/product/CAMMER/97/CAMMER_97_RG_160.JPG,Cammer,$36.98,http://www.aldoshoes.com/us/en_US/Men/Shoes/c/210/Cammer/p/48866647-97,Aldo,m
222,http://media.aldoshoes.com/product/NYDELIVEN/22/NYDELIVEN_22_RG_160.JPG,Nydeliven,$54.98,http://www.aldoshoes.com/us/en_US/Men/Shoes/c/210/Nydeliven/p/48927366-22,Aldo,m
223,http://media.aldoshoes.com/product/NYDELIVEN/97/NYDELIVEN_97_RG_160.JPG,Nydeliven,$54.98,http://www.aldoshoes.com/us/en_US/Men/Shoes/c/210/Nydeliven/p/48927366-97,Aldo,m
224,http://media.aldoshoes.com/product/PULLO/22/PULLO_22_RG_160.JPG,Pullo,$54.98,http://www.aldoshoes.com/us/en_US/Men/Shoes/c/210/Pullo/p/48928633-22,Aldo,m
225,http://media.aldoshoes.com/product/PULLO/97/PULLO_97_RG_160.JPG,Pullo,$54.98,http://www.aldoshoes.com/us/en_US/Men/Shoes/c/210/Pullo/p/48928633-97,Aldo,m
226,http://media.aldoshoes.com/product/NAPOLA/97/NAPOLA_97_RG_160.JPG,Napola,$61.98,http://www.aldoshoes.com/us/en_US/Men/Shoes/c/210/Napola/p/48966111-97,Aldo,m
227,http://media.aldoshoes.com/product/ASELALIAN/97/ASELALIAN_97_RG_160.JPG,Aselalian,$61.98,http://www.aldoshoes.com/us/en_US/Men/Shoes/c/210/Aselalian/p/48966146-97,Aldo,m
228,http://media.aldoshoes.com/product/TEELING/28/TEELING_28_RG_160.JPG,Teeling,$130.00,http://www.aldoshoes.com/us/en_US/Men/Shoes/c/210/Teeling/p/48967106-28,Aldo,m
229,http://media.aldoshoes.com/product/LENTINA/95/LENTINA_95_RG_160.JPG,Lentina,$120.00,http://www.aldoshoes.com/us/en_US/Men/Shoes/c/210/Lentina/p/48995676-95,Aldo,m
230,http://media.aldoshoes.com/product/Lentina/98/LENTINA_98_RG_160.JPG,Lentina,$120.00,http://www.aldoshoes.com/us/en_US/Men/Shoes/c/210/Lentina/p/48995676-98,Aldo,m
231,http://media.aldoshoes.com/product/THOBE/28/THOBE_28_RG_160.JPG,Thobe,$120.00,http://www.aldoshoes.com/us/en_US/Men/Shoes/c/210/Thobe/p/48996054-28,Aldo,m
232,http://media.aldoshoes.com/product/THOBE/29/THOBE_29_RG_160.JPG,Thobe,$120.00,http://www.aldoshoes.com/us/en_US/Men/Shoes/c/210/Thobe/p/48996054-29,Aldo,m
233,http://media.aldoshoes.com/product/THOBE/97/THOBE_97_RG_160.JPG,Thobe,$120.00,http://www.aldoshoes.com/us/en_US/Men/Shoes/c/210/Thobe/p/48996054-97,Aldo,m
234,http://media.aldoshoes.com/product/AALIAN/1/AALIAN_1_RG_160.JPG,Aalian,$60.00,http://www.aldoshoes.com/us/en_US/Men/Shoes/c/210/Aalian/p/48996310-1,Aldo,m
235,http://media.aldoshoes.com/product/AALIAN/29/AALIAN_29_RG_160.JPG,Aalian,$60.00,http://www.aldoshoes.com/us/en_US/Men/Shoes/c/210/Aalian/p/48996310-29,Aldo,m
236,http://media.aldoshoes.com/product/AALIAN/91/AALIAN_91_RG_160.JPG,Aalian,$60.00,http://www.aldoshoes.com/us/en_US/Men/Shoes/c/210/Aalian/p/48996310-91,Aldo,m
237,http://media.aldoshoes.com/product/RANSTROM/97/RANSTROM_97_RG_160.JPG,Ranstrom,$130.00,http://www.aldoshoes.com/us/en_US/Men/Shoes/c/210/Ranstrom/p/48998682-97,Aldo,m
238,http://media.aldoshoes.com/product/GRANGES/1/GRANGES_1_RG_160.JPG,Granges,$150.00,http://www.aldoshoes.com/us/en_US/Men/Shoes/c/210/Granges/p/48998690-1,Aldo,m
239,http://media.aldoshoes.com/product/GRANGES/22/GRANGES_22_RG_160.JPG,Granges,$150.00,http://www.aldoshoes.com/us/en_US/Men/Shoes/c/210/Granges/p/48998690-22,Aldo,m
240,http://media.aldoshoes.com/product/UMERILLE/28/UMERILLE_28_RG_160.JPG,Umerille,$69.98,http://www.aldoshoes.com/us/en_US/Men/Shoes/c/210/Umerille/p/49000335-28,Aldo,m
241,http://media.aldoshoes.com/product/UMERILLE/97/UMERILLE_97_RG_160.JPG,Umerille,$69.98,http://www.aldoshoes.com/us/en_US/Men/Shoes/c/210/Umerille/p/49000335-97,Aldo,m
242,http://media.aldoshoes.com/product/Umede/28/UMEDE_28_RG_160.JPG,Umede,$62.50,http://www.aldoshoes.com/us/en_US/Men/Shoes/c/210/Umede/p/49000474-28,Aldo,m
243,http://media.aldoshoes.com/product/Umede/97/UMEDE_97_RG_160.JPG,Umede,$62.50,http://www.aldoshoes.com/us/en_US/Men/Shoes/c/210/Umede/p/49000474-97,Aldo,m
244,http://media.aldoshoes.com/product/ELLMORE/28/ELLMORE_28_RG_160.JPG,Ellmore,$62.50,http://www.aldoshoes.com/us/en_US/Men/Shoes/c/210/Ellmore/p/49001573-28,Aldo,m
245,http://media.aldoshoes.com/product/ELLMORE/91/ELLMORE_91_RG_160.JPG,Ellmore,$62.50,http://www.aldoshoes.com/us/en_US/Men/Shoes/c/210/Ellmore/p/49001573-91,Aldo,m
246,http://media.aldoshoes.com/product/WIGMAER/22/WIGMAER_22_RG_160.JPG,Wigmaer,$59.98,http://www.aldoshoes.com/us/en_US/Men/Shoes/c/210/Wigmaer/p/49003077-22,Aldo,m
247,http://media.aldoshoes.com/product/WIGMAER/97/WIGMAER_97_RG_160.JPG,Wigmaer,$59.98,http://www.aldoshoes.com/us/en_US/Men/Shoes/c/210/Wigmaer/p/49003077-97,Aldo,m
248,http://media.aldoshoes.com/product/BRIZZOLARA/97/BRIZZOLARA_97_RG_160.JPG,Brizzolara,$125.00,http://www.aldoshoes.com/us/en_US/Men/Shoes/c/210/Brizzolara/p/49003595-97,Aldo,m
249,http://media.aldoshoes.com/product/BRILANIEL/2/BRILANIEL_2_RG_160.JPG,Brilaniel,$90.00,http://www.aldoshoes.com/us/en_US/Men/Shoes/c/210/Brilaniel/p/49003923-2,Aldo,m
250,http://media.aldoshoes.com/product/BRILANIEL/28/BRILANIEL_28_RG_160.JPG,Brilaniel,$90.00,http://www.aldoshoes.com/us/en_US/Men/Shoes/c/210/Brilaniel/p/49003923-28,Aldo,m
251,http://media.aldoshoes.com/product/BRILANIEL/97/BRILANIEL_97_RG_160.JPG,Brilaniel,$90.00,http://www.aldoshoes.com/us/en_US/Men/Shoes/c/210/Brilaniel/p/49003923-97,Aldo,m
252,http://media.aldoshoes.com/product/KEDOALIA/95/KEDOALIA_95_RG_160.JPG,Kedoalia,$120.00,http://www.aldoshoes.com/us/en_US/Men/Shoes/c/210/Kedoalia/p/49004686-95,Aldo,m
253,http://media.aldoshoes.com/product/AFEALLE/28/AFEALLE_28_RG_160.JPG,Afealle,$110.00,http://www.aldoshoes.com/us/en_US/Men/Shoes/c/210/Afealle/p/49009700-28,Aldo,m
254,http://media.aldoshoes.com/product/AFEALLE/97/AFEALLE_97_RG_160.JPG,Afealle,$110.00,http://www.aldoshoes.com/us/en_US/Men/Shoes/c/210/Afealle/p/49009700-97,Aldo,m
255,http://media.aldoshoes.com/product/ARARECIA/28/ARARECIA_28_RG_160.JPG,Ararecia,$62.50,http://www.aldoshoes.com/us/en_US/Men/Shoes/c/210/Ararecia/p/49009735-28,Aldo,m
256,http://media.aldoshoes.com/product/ARARECIA/97/ARARECIA_97_RG_160.JPG,Ararecia,$62.50,http://www.aldoshoes.com/us/en_US/Men/Shoes/c/210/Ararecia/p/49009735-97,Aldo,m
257,http://media.aldoshoes.com/product/PERREAULT/22/PERREAULT_22_RG_160.JPG,Perreault,$59.98,http://www.aldoshoes.com/us/en_US/Men/Shoes/c/210/Perreault/p/49012221-22,Aldo,m
258,http://media.aldoshoes.com/product/PERREAULT/97/PERREAULT_97_RG_160.JPG,Perreault,$59.98,http://www.aldoshoes.com/us/en_US/Men/Shoes/c/210/Perreault/p/49012221-97,Aldo,m
259,http://media.aldoshoes.com/product/SEMPIONE/28/SEMPIONE_28_RG_160.JPG,Sempione,$61.98,http://www.aldoshoes.com/us/en_US/Men/Shoes/c/210/Sempione/p/49013259-28,Aldo,m
260,http://media.aldoshoes.com/product/Sempione/97/SEMPIONE_97_RG_160.JPG,Sempione,$61.98,http://www.aldoshoes.com/us/en_US/Men/Shoes/c/210/Sempione/p/49013259-97,Aldo,m
261,http://media.aldoshoes.com/product/ARCAUS/28/ARCAUS_28_RG_160.JPG,Arcaus,$37.50,http://www.aldoshoes.com/us/en_US/Men/Shoes/c/210/Arcaus/p/49017874-28,Aldo,m
262,http://media.aldoshoes.com/product/ARCAUS/97/ARCAUS_97_RG_160.JPG,Arcaus,$37.50,http://www.aldoshoes.com/us/en_US/Men/Shoes/c/210/Arcaus/p/49017874-97,Aldo,m
263,http://media.aldoshoes.com/product/POYNOR/98/POYNOR_98_RG_160.JPG,Poynor,$41.98,http://www.aldoshoes.com/us/en_US/Men/Shoes/c/210/Poynor/p/49017903-98,Aldo,m
264,http://media.aldoshoes.com/product/DALILLE/28/DALILLE_28_RG_160.JPG,Dalille,$125.00,http://www.aldoshoes.com/us/en_US/Men/Shoes/c/210/Dalille/p/49018738-28,Aldo,m
265,http://media.aldoshoes.com/product/DALILLE/97/DALILLE_97_RG_160.JPG,Dalille,$125.00,http://www.aldoshoes.com/us/en_US/Men/Shoes/c/210/Dalille/p/49018738-97,Aldo,m
266,http://media.aldoshoes.com/product/Lareawet/18/LAREAWET_18_RG_160.JPG,Lareawet,$75.00,http://www.aldoshoes.com/us/en_US/Men/Shoes/c/210/Lareawet/p/49020758-18,Aldo,m
267,http://media.aldoshoes.com/product/Lareawet/28/LAREAWET_28_RG_160.JPG,Lareawet,$75.00,http://www.aldoshoes.com/us/en_US/Men/Shoes/c/210/Lareawet/p/49020758-28,Aldo,m
268,http://media.aldoshoes.com/product/LAREAWET/98/LAREAWET_98_RG_160.JPG,Lareawet,$75.00,http://www.aldoshoes.com/us/en_US/Men/Shoes/c/210/Lareawet/p/49020758-98,Aldo,m
269,http://media.aldoshoes.com/product/DAOLLA/28/DAOLLA_28_RG_160.JPG,Daolla,$79.99,http://www.aldoshoes.com/us/en_US/Men/Shoes/c/210/Daolla/p/49023115-28,Aldo,m
270,http://media.aldoshoes.com/product/DAOLLA/97/DAOLLA_97_RG_160.JPG,Daolla,$79.99,http://www.aldoshoes.com/us/en_US/Men/Shoes/c/210/Daolla/p/49023115-97,Aldo,m
271,http://media.aldoshoes.com/product/Tracasi/28/TRACASI_28_RG_160.JPG,Tracasi,$110.00,http://www.aldoshoes.com/us/en_US/Men/Shoes/c/210/Tracasi/p/49077148-28,Aldo,m
272,http://media.aldoshoes.com/product/Grieff/28/GRIEFF_28_RG_160.JPG,Grieff,$125.00,http://www.aldoshoes.com/us/en_US/Men/Shoes/c/210/Grieff/p/49077658-28,Aldo,m
273,http://media.aldoshoes.com/product/Grieff/97/GRIEFF_97_RG_160.JPG,Grieff,$125.00,http://www.aldoshoes.com/us/en_US/Men/Shoes/c/210/Grieff/p/49077658-97,Aldo,m
274,http://media.aldoshoes.com/product/Ricmann/22/RICMANN_22_RG_160.JPG,Ricmann,$130.00,http://www.aldoshoes.com/us/en_US/Men/Shoes/c/210/Ricmann/p/49898747-22,Aldo,m
275,http://media.aldoshoes.com/product/Ricmann/28/RICMANN_28_RG_160.JPG,Ricmann,$130.00,http://www.aldoshoes.com/us/en_US/Men/Shoes/c/210/Ricmann/p/49898747-28,Aldo,m
276,http://media.aldoshoes.com/product/Ricmann/97/RICMANN_97_RG_160.JPG,Ricmann,$130.00,http://www.aldoshoes.com/us/en_US/Men/Shoes/c/210/Ricmann/p/49898747-97,Aldo,m
277,http://media.aldoshoes.com/product/Municipio/28/MUNICIPIO_28_RG_160.JPG,Municipio,$130.00,http://www.aldoshoes.com/us/en_US/Men/Shoes/c/210/Municipio/p/49898771-28,Aldo,m
278,http://media.aldoshoes.com/product/Municipio/97/MUNICIPIO_97_RG_160.JPG,Municipio,$130.00,http://www.aldoshoes.com/us/en_US/Men/Shoes/c/210/Municipio/p/49898771-97,Aldo,m
279,http://media.aldoshoes.com/product/Aauwen-R/18/AAUWEN-R_18_RG_160.JPG,Aauwen-R,$75.00,http://www.aldoshoes.com/us/en_US/Men/Shoes/c/210/Aauwen-R/p/50142859-18,Aldo,m
280,http://media.aldoshoes.com/product/Aauwen-R/28/AAUWEN-R_28_RG_160.JPG,Aauwen-R,$75.00,http://www.aldoshoes.com/us/en_US/Men/Shoes/c/210/Aauwen-R/p/50142859-28,Aldo,m
281,http://media.aldoshoes.com/product/Aauwen-R/97/AAUWEN-R_97_RG_160.JPG,Aauwen-R,$75.00,http://www.aldoshoes.com/us/en_US/Men/Shoes/c/210/Aauwen-R/p/50142859-97,Aldo,m
282,http://media.aldoshoes.com/product/Haener/70/HAENER_70_RG_160.JPG,Haener,$80.00,http://www.aldoshoes.com/us/en_US/Men/Shoes/c/210/Haener/p/50223587-70,Aldo,m
283,http://media.aldoshoes.com/product/Haener/97/HAENER_97_RG_160.JPG,Haener,$80.00,http://www.aldoshoes.com/us/en_US/Men/Shoes/c/210/Haener/p/50223587-97,Aldo,m
284,http://media.aldoshoes.com/product/Yilan/18/YILAN_18_RG_160.JPG,Yilan,$75.00,http://www.aldoshoes.com/us/en_US/Men/Shoes/c/210/Yilan/p/50228783-18,Aldo,m
285,http://media.aldoshoes.com/product/Yilan/28/YILAN_28_RG_160.JPG,Yilan,$75.00,http://www.aldoshoes.com/us/en_US/Men/Shoes/c/210/Yilan/p/50228783-28,Aldo,m
286,http://media.aldoshoes.com/product/Yilan/97/YILAN_97_RG_160.JPG,Yilan,$75.00,http://www.aldoshoes.com/us/en_US/Men/Shoes/c/210/Yilan/p/50228783-97,Aldo,m
287,http://media.aldoshoes.com/product/EDALESIEN/70/EDALESIEN_70_RG_160.JPG,Edalesien,$30.00,http://www.aldoshoes.com/us/en_US/Men/Sandals/c/220/Edalesien/p/45486884-70,Aldo,m
288,http://media.aldoshoes.com/product/EDALESIEN/2/EDALESIEN_2_RG_160.JPG,Edalesien,$30.00,http://www.aldoshoes.com/us/en_US/Men/Sandals/c/220/Edalesien/p/45486884-2,Aldo,m
289,http://media.aldoshoes.com/product/CANOTTO/97/CANOTTO_97_RG_160.JPG,Canotto,$30.00,http://www.aldoshoes.com/us/en_US/Men/Sandals/c/220/Canotto/p/45573179-97,Aldo,m
290,http://media.aldoshoes.com/product/BARDOS/38/BARDOS_38_RG_160.JPG,Bardos,$60.00,http://www.aldoshoes.com/us/en_US/Men/Sandals/c/220/Bardos/p/46370883-38,Aldo,m
291,http://media.aldoshoes.com/product/VERRAN/97/VERRAN_97_RG_160.JPG,Verran,$35.00,http://www.aldoshoes.com/us/en_US/Men/Sandals/c/220/Verran/p/46378332-97,Aldo,m
292,http://media.aldoshoes.com/product/HEDDINGS/2/HEDDINGS_2_RG_160.JPG,Heddings,$17.50,http://www.aldoshoes.com/us/en_US/Men/Sandals/c/220/Heddings/p/46371472-2,Aldo,m
293,http://media.aldoshoes.com/product/MORREY/22/MORREY_22_RG_160.JPG,Morrey,$35.00,http://www.aldoshoes.com/us/en_US/Men/Sandals/c/220/Morrey/p/46376644-22,Aldo,m
294,http://media.aldoshoes.com/product/AGNOLUCCIO/22/AGNOLUCCIO_22_RG_160.JPG,Agnoluccio,$35.00,http://www.aldoshoes.com/us/en_US/Men/Sandals/c/220/Agnoluccio/p/46394762-22,Aldo,m
295,http://media.aldoshoes.com/product/VERRAN/2/VERRAN_2_RG_160.JPG,Verran,$35.00,http://www.aldoshoes.com/us/en_US/Men/Sandals/c/220/Verran/p/46378332-2,Aldo,m
296,http://media.aldoshoes.com/product/ORDNER/97/ORDNER_97_RG_160.JPG,Ordner,$20.00,http://www.aldoshoes.com/us/en_US/Men/Sandals/c/220/Ordner/p/45767459-97,Aldo,m
297,http://media.aldoshoes.com/product/LANORAIE/22/LANORAIE_22_RG_160.JPG,Lanoraie,$60.00,http://www.aldoshoes.com/us/en_US/Men/Sandals/c/220/Lanoraie/p/46573728-22,Aldo,m
298,http://media.aldoshoes.com/product/EARNEST/97/EARNEST_97_RG_160.JPG,Earnest,$12.50,http://www.aldoshoes.com/us/en_US/Men/Sandals/c/220/Earnest/p/45789383-97,Aldo,m
299,http://media.aldoshoes.com/product/AURIEL/2/AURIEL_2_RG_160.JPG,Auriel,$12.50,http://www.aldoshoes.com/us/en_US/Men/Sandals/c/220/Auriel/p/46370795-2,Aldo,m
300,http://media.aldoshoes.com/product/KALTERN/22/KALTERN_22_RG_160.JPG,Kaltern,$60.00,http://www.aldoshoes.com/us/en_US/Men/Sandals/c/220/Kaltern/p/46574069-22,Aldo,m
301,http://media.aldoshoes.com/product/NASOLINO/28/NASOLINO_28_RG_160.JPG,Nasolino,$40.00,http://www.aldoshoes.com/us/en_US/Men/Sandals/c/220/Nasolino/p/46490826-28,Aldo,m
302,http://media.aldoshoes.com/product/GREVILLE/28/GREVILLE_28_RG_160.JPG,Greville,$82.50,http://www.aldoshoes.com/us/en_US/Men/Boots/c/230/Greville/p/45745655-28,Aldo,m
303,http://media.aldoshoes.com/product/VIANELLO/1/VIANELLO_1_RG_160.JPG,Vianello,$155.00,http://www.aldoshoes.com/us/en_US/Men/Boots/c/230/Vianello/p/45787636-1,Aldo,m
304,http://media.aldoshoes.com/product/VIANELLO/36/VIANELLO_36_RG_160.JPG,Vianello,$155.00,http://www.aldoshoes.com/us/en_US/Men/Boots/c/230/Vianello/p/45787636-36,Aldo,m
305,http://media.aldoshoes.com/product/VIANELLO/91/VIANELLO_91_RG_160.JPG,Vianello,$155.00,http://www.aldoshoes.com/us/en_US/Men/Boots/c/230/Vianello/p/45787636-91,Aldo,m
306,http://media.aldoshoes.com/product/JERENALIA/28/JERENALIA_28_RG_160.JPG,Jerenalia,$87.50,http://www.aldoshoes.com/us/en_US/Men/Boots/c/230/Jerenalia/p/46347608-28,Aldo,m
307,http://media.aldoshoes.com/product/GWILAWEN/26/GWILAWEN_26_RG_160.JPG,Gwilawen,$87.50,http://www.aldoshoes.com/us/en_US/Men/Boots/c/230/Gwilawen/p/47712945-26,Aldo,m
308,http://media.aldoshoes.com/product/GWILAWEN/97/GWILAWEN_97_RG_160.JPG,Gwilawen,$87.50,http://www.aldoshoes.com/us/en_US/Men/Boots/c/230/Gwilawen/p/47712945-97,Aldo,m
309,http://media.aldoshoes.com/product/Aceriria/97/ACERIRIA_97_RG_160.JPG,Aceriria,$185.00,http://www.aldoshoes.com/us/en_US/Men/Boots/c/230/Aceriria/p/47717148-97,Aldo,m
310,http://media.aldoshoes.com/product/ANDREAE/21/ANDREAE_21_RG_160.JPG,Andreae,$87.50,http://www.aldoshoes.com/us/en_US/Men/Boots/c/230/Andreae/p/47717797-21,Aldo,m
311,http://media.aldoshoes.com/product/ANDREAE/29/ANDREAE_29_RG_160.JPG,Andreae,$175.00,http://www.aldoshoes.com/us/en_US/Men/Boots/c/230/Andreae/p/47717797-29,Aldo,m
312,http://media.aldoshoes.com/product/Qorellan/22/QORELLAN_22_RG_160.JPG,Qorellan,$87.50,http://www.aldoshoes.com/us/en_US/Men/Boots/c/230/Qorellan/p/47749481-22,Aldo,m
313,http://media.aldoshoes.com/product/QORELLAN/28/QORELLAN_28_RG_160.JPG,Qorellan,$175.00,http://www.aldoshoes.com/us/en_US/Men/Boots/c/230/Qorellan/p/47749481-28,Aldo,m
314,http://media.aldoshoes.com/product/ARENAWEN/28/ARENAWEN_28_RG_160.JPG,Arenawen,$92.50,http://www.aldoshoes.com/us/en_US/Men/Boots/c/230/Arenawen/p/47750108-28,Aldo,m
315,http://media.aldoshoes.com/product/Arenawen/97/ARENAWEN_97_RG_160.JPG,Arenawen,$185.00,http://www.aldoshoes.com/us/en_US/Men/Boots/c/230/Arenawen/p/47750108-97,Aldo,m
316,http://media.aldoshoes.com/product/OLOACIEN/2/OLOACIEN_2_RG_160.JPG,Oloacien,$175.00,http://www.aldoshoes.com/us/en_US/Men/Boots/c/230/Oloacien/p/47750116-2,Aldo,m
317,http://media.aldoshoes.com/product/OLOACIEN/28/OLOACIEN_28_RG_160.JPG,Oloacien,$175.00,http://www.aldoshoes.com/us/en_US/Men/Boots/c/230/Oloacien/p/47750116-28,Aldo,m
318,http://media.aldoshoes.com/product/GWOCIA/28/GWOCIA_28_RG_160.JPG,Gwocia,$140.00,http://www.aldoshoes.com/us/en_US/Men/Boots/c/230/Gwocia/p/47751119-28,Aldo,m
319,http://media.aldoshoes.com/product/GWOCIA/97/GWOCIA_97_RG_160.JPG,Gwocia,$140.00,http://www.aldoshoes.com/us/en_US/Men/Boots/c/230/Gwocia/p/47751119-97,Aldo,m
320,http://media.aldoshoes.com/product/SUCHMAN/18/SUCHMAN_18_RG_160.JPG,Suchman,$175.00,http://www.aldoshoes.com/us/en_US/Men/Boots/c/230/Suchman/p/47774177-18,Aldo,m
321,http://media.aldoshoes.com/product/SUCHMAN/28/SUCHMAN_28_RG_160.JPG,Suchman,$175.00,http://www.aldoshoes.com/us/en_US/Men/Boots/c/230/Suchman/p/47774177-28,Aldo,m
322,http://media.aldoshoes.com/product/SUCHMAN/97/SUCHMAN_97_RG_160.JPG,Suchman,$175.00,http://www.aldoshoes.com/us/en_US/Men/Boots/c/230/Suchman/p/47774177-97,Aldo,m
323,http://media.aldoshoes.com/product/LEMOND/22/LEMOND_22_RG_160.JPG,Lemond,$87.50,http://www.aldoshoes.com/us/en_US/Men/Boots/c/230/Lemond/p/47774660-22,Aldo,m
324,http://media.aldoshoes.com/product/Lemond/28/LEMOND_28_RG_160.JPG,Lemond,$86.98,http://www.aldoshoes.com/us/en_US/Men/Boots/c/230/Lemond/p/47774660-28,Aldo,m
325,http://media.aldoshoes.com/product/Lemond/97/LEMOND_97_RG_160.JPG,Lemond,$86.98,http://www.aldoshoes.com/us/en_US/Men/Boots/c/230/Lemond/p/47774660-97,Aldo,m
326,http://media.aldoshoes.com/product/FAURE/29/FAURE_29_RG_160.JPG,Faure,$87.50,http://www.aldoshoes.com/us/en_US/Men/Boots/c/230/Faure/p/47810094-29,Aldo,m
327,http://media.aldoshoes.com/product/Acerrassi/28/ACERRASSI_28_RG_160.JPG,Acerrassi,$200.00,http://www.aldoshoes.com/us/en_US/Men/Boots/c/230/Acerrassi/p/47810975-28,Aldo,m
328,http://media.aldoshoes.com/product/ACERRASSI/38/ACERRASSI_38_RG_160.JPG,Acerrassi,$100.00,http://www.aldoshoes.com/us/en_US/Men/Boots/c/230/Acerrassi/p/47810975-38,Aldo,m
329,http://media.aldoshoes.com/product/ETAUSEN/22/ETAUSEN_22_RG_160.JPG,Etausen,$87.50,http://www.aldoshoes.com/us/en_US/Men/Boots/c/230/Etausen/p/47814802-22,Aldo,m
330,http://media.aldoshoes.com/product/ETAUSEN/28/ETAUSEN_28_RG_160.JPG,Etausen,$87.50,http://www.aldoshoes.com/us/en_US/Men/Boots/c/230/Etausen/p/47814802-28,Aldo,m
331,http://media.aldoshoes.com/product/ETAUSEN/97/ETAUSEN_97_RG_160.JPG,Etausen,$87.50,http://www.aldoshoes.com/us/en_US/Men/Boots/c/230/Etausen/p/47814802-97,Aldo,m
332,http://media.aldoshoes.com/product/COPPE/91/COPPE_91_RG_160.JPG,Coppe,$165.00,http://www.aldoshoes.com/us/en_US/Men/Boots/c/230/Coppe/p/47846871-91,Aldo,m
333,http://media.aldoshoes.com/product/COPPE/97/COPPE_97_RG_160.JPG,Coppe,$81.98,http://www.aldoshoes.com/us/en_US/Men/Boots/c/230/Coppe/p/47846871-97,Aldo,m
334,http://media.aldoshoes.com/product/BILISSI/29/BILISSI_29_RG_160.JPG,Bilissi,$150.00,http://www.aldoshoes.com/us/en_US/Men/Boots/c/230/Bilissi/p/47847567-29,Aldo,m
335,http://media.aldoshoes.com/product/BILISSI/91/BILISSI_91_RG_160.JPG,Bilissi,$150.00,http://www.aldoshoes.com/us/en_US/Men/Boots/c/230/Bilissi/p/47847567-91,Aldo,m
336,http://media.aldoshoes.com/product/CADIRAMA/29/CADIRAMA_29_RG_160.JPG,Cadirama,$150.00,http://www.aldoshoes.com/us/en_US/Men/Boots/c/230/Cadirama/p/47848172-29,Aldo,m
337,http://media.aldoshoes.com/product/FRAZIER/28/FRAZIER_28_RG_160.JPG,Frazier,$70.00,http://www.aldoshoes.com/us/en_US/Men/Boots/c/230/Frazier/p/47848965-28,Aldo,m
338,http://media.aldoshoes.com/product/FRAZIER/97/FRAZIER_97_RG_160.JPG,Frazier,$70.00,http://www.aldoshoes.com/us/en_US/Men/Boots/c/230/Frazier/p/47848965-97,Aldo,m
339,http://media.aldoshoes.com/product/ALEVIA/28/ALEVIA_28_RG_160.JPG,Alevia,$150.00,http://www.aldoshoes.com/us/en_US/Men/Boots/c/230/Alevia/p/47852577-28,Aldo,m
340,http://media.aldoshoes.com/product/ALEVIA/97/ALEVIA_97_RG_160.JPG,Alevia,$150.00,http://www.aldoshoes.com/us/en_US/Men/Boots/c/230/Alevia/p/47852577-97,Aldo,m
341,http://media.aldoshoes.com/product/WAOVIA/22/WAOVIA_22_RG_160.JPG,Waovia,$87.50,http://www.aldoshoes.com/us/en_US/Men/Boots/c/230/Waovia/p/47854839-22,Aldo,m
342,http://media.aldoshoes.com/product/WAOVIA/29/WAOVIA_29_RG_160.JPG,Waovia,$87.50,http://www.aldoshoes.com/us/en_US/Men/Boots/c/230/Waovia/p/47854839-29,Aldo,m
343,http://media.aldoshoes.com/product/ALAESSI/28/ALAESSI_28_RG_160.JPG,Alaessi,$75.00,http://www.aldoshoes.com/us/en_US/Men/Boots/c/230/Alaessi/p/47856906-28,Aldo,m
344,http://media.aldoshoes.com/product/ALAESSI/36/ALAESSI_36_RG_160.JPG,Alaessi,$75.00,http://www.aldoshoes.com/us/en_US/Men/Boots/c/230/Alaessi/p/47856906-36,Aldo,m
345,http://media.aldoshoes.com/product/TABARI/28/TABARI_28_RG_160.JPG,Tabari,$95.00,http://www.aldoshoes.com/us/en_US/Men/Boots/c/230/Tabari/p/47868536-28,Aldo,m
346,http://media.aldoshoes.com/product/CROAVEN/28/CROAVEN_28_RG_160.JPG,Croaven,$155.00,http://www.aldoshoes.com/us/en_US/Men/Boots/c/230/Croaven/p/47949360-28,Aldo,m
347,http://media.aldoshoes.com/product/CROAVEN/97/CROAVEN_97_RG_160.JPG,Croaven,$155.00,http://www.aldoshoes.com/us/en_US/Men/Boots/c/230/Croaven/p/47949360-97,Aldo,m
348,http://media.aldoshoes.com/product/NIMAN/28/NIMAN_28_RG_160.JPG,Niman,$175.00,http://www.aldoshoes.com/us/en_US/Men/Boots/c/230/Niman/p/47967147-28,Aldo,m
349,http://media.aldoshoes.com/product/NIMAN/97/NIMAN_97_RG_160.JPG,Niman,$175.00,http://www.aldoshoes.com/us/en_US/Men/Boots/c/230/Niman/p/47967147-97,Aldo,m
350,http://media.aldoshoes.com/product/ONERILLAN/2/ONERILLAN_2_RG_160.JPG,Onerillan,$87.50,http://www.aldoshoes.com/us/en_US/Men/Boots/c/230/Onerillan/p/48127318-2,Aldo,m
351,http://media.aldoshoes.com/product/ONERILLAN/28/ONERILLAN_28_RG_160.JPG,Onerillan,$175.00,http://www.aldoshoes.com/us/en_US/Men/Boots/c/230/Onerillan/p/48127318-28,Aldo,m
352,http://media.aldoshoes.com/product/ONERILLAN/97/ONERILLAN_97_RG_160.JPG,Onerillan,$86.98,http://www.aldoshoes.com/us/en_US/Men/Boots/c/230/Onerillan/p/48127318-97,Aldo,m
353,http://media.aldoshoes.com/product/ANGELUCCI/21/ANGELUCCI_21_RG_160.JPG,Angelucci,$175.00,http://www.aldoshoes.com/us/en_US/Men/Boots/c/230/Angelucci/p/48219298-21,Aldo,m
354,http://media.aldoshoes.com/product/Angelucci/91/ANGELUCCI_91_RG_160.JPG,Angelucci,$175.00,http://www.aldoshoes.com/us/en_US/Men/Boots/c/230/Angelucci/p/48219298-91,Aldo,m
355,http://media.aldoshoes.com/product/BIONDI/91/BIONDI_91_RG_160.JPG,Biondi,$155.00,http://www.aldoshoes.com/us/en_US/Men/Boots/c/230/Biondi/p/48219335-91,Aldo,m
356,http://media.aldoshoes.com/product/ENGIS/18/ENGIS_18_RG_160.JPG,Engis,$87.50,http://www.aldoshoes.com/us/en_US/Men/Boots/c/230/Engis/p/48523265-18,Aldo,m
357,http://media.aldoshoes.com/product/ENGIS/28/ENGIS_28_RG_160.JPG,Engis,$87.50,http://www.aldoshoes.com/us/en_US/Men/Boots/c/230/Engis/p/48523265-28,Aldo,m
358,http://media.aldoshoes.com/product/Swithbert-U/22/SWITHBERT-U_22_RG_160.JPG,Swithbert-U,$90.00,http://www.aldoshoes.com/us/en_US/Men/Boots/c/230/Swithbert-U/p/48832009-22,Aldo,m
359,http://media.aldoshoes.com/product/Swithbert-U/28/SWITHBERT-U_28_RG_160.JPG,Swithbert-U,$90.00,http://www.aldoshoes.com/us/en_US/Men/Boots/c/230/Swithbert-U/p/48832009-28,Aldo,m
360,http://media.aldoshoes.com/product/Choham/28/CHOHAM_28_RG_160.JPG,Choham,$90.00,http://www.aldoshoes.com/us/en_US/Men/Boots/c/230/Choham/p/48840922-28,Aldo,m
361,http://media.aldoshoes.com/product/CHOHAM/97/CHOHAM_97_RG_160.JPG,Choham,$90.00,http://www.aldoshoes.com/us/en_US/Men/Boots/c/230/Choham/p/48840922-97,Aldo,m
362,http://media.aldoshoes.com/product/Gerrade/22/GERRADE_22_RG_160.JPG,Gerrade,$175.00,http://www.aldoshoes.com/us/en_US/Men/Boots/c/230/Gerrade/p/48845707-22,Aldo,m
363,http://media.aldoshoes.com/product/Gerrade/28/GERRADE_28_RG_160.JPG,Gerrade,$175.00,http://www.aldoshoes.com/us/en_US/Men/Boots/c/230/Gerrade/p/48845707-28,Aldo,m
364,http://media.aldoshoes.com/product/Benis/2/BENIS_2_RG_160.JPG,Benis,$150.00,http://www.aldoshoes.com/us/en_US/Men/Boots/c/230/Benis/p/48847817-2,Aldo,m
365,http://media.aldoshoes.com/product/Benis/28/BENIS_28_RG_160.JPG,Benis,$150.00,http://www.aldoshoes.com/us/en_US/Men/Boots/c/230/Benis/p/48847817-28,Aldo,m
366,http://media.aldoshoes.com/product/Benis/98/BENIS_98_RG_160.JPG,Benis,$150.00,http://www.aldoshoes.com/us/en_US/Men/Boots/c/230/Benis/p/48847817-98,Aldo,m
367,http://media.aldoshoes.com/product/Eclause/91/ECLAUSE_91_RG_160.JPG,Eclause,$185.00,http://www.aldoshoes.com/us/en_US/Men/Boots/c/230/Eclause/p/48861846-91,Aldo,m
368,http://media.aldoshoes.com/product/Eclause/97/ECLAUSE_97_RG_160.JPG,Eclause,$185.00,http://www.aldoshoes.com/us/en_US/Men/Boots/c/230/Eclause/p/48861846-97,Aldo,m
369,http://media.aldoshoes.com/product/Freowine/18/FREOWINE_18_RG_160.JPG,Freowine,$175.00,http://www.aldoshoes.com/us/en_US/Men/Boots/c/230/Freowine/p/48876132-18,Aldo,m
370,http://media.aldoshoes.com/product/Freowine/28/FREOWINE_28_RG_160.JPG,Freowine,$175.00,http://www.aldoshoes.com/us/en_US/Men/Boots/c/230/Freowine/p/48876132-28,Aldo,m
371,http://media.aldoshoes.com/product/Oloaria/97/OLOARIA_97_RG_160.JPG,Oloaria,$150.00,http://www.aldoshoes.com/us/en_US/Men/Boots/c/230/Oloaria/p/48877063-97,Aldo,m
372,http://media.aldoshoes.com/product/WENIEL/97/WENIEL_97_RG_160.JPG,Weniel,$150.00,http://www.aldoshoes.com/us/en_US/Men/Boots/c/230/Weniel/p/48917571-97,Aldo,m
373,http://media.aldoshoes.com/product/Acelalla/22/ACELALLA_22_RG_160.JPG,Acelalla,$150.00,http://www.aldoshoes.com/us/en_US/Men/Boots/c/230/Acelalla/p/48927358-22,Aldo,m
374,http://media.aldoshoes.com/product/Acelalla/28/ACELALLA_28_RG_160.JPG,Acelalla,$150.00,http://www.aldoshoes.com/us/en_US/Men/Boots/c/230/Acelalla/p/48927358-28,Aldo,m
375,http://media.aldoshoes.com/product/Terinese/28/TERINESE_28_RG_160.JPG,Terinese,$81.98,http://www.aldoshoes.com/us/en_US/Men/Boots/c/230/Terinese/p/48929257-28,Aldo,m
376,http://media.aldoshoes.com/product/TERINESE/98/TERINESE_98_RG_160.JPG,Terinese,$81.98,http://www.aldoshoes.com/us/en_US/Men/Boots/c/230/Terinese/p/48929257-98,Aldo,m
377,http://media.aldoshoes.com/product/KYDIA/97/KYDIA_97_RG_160.JPG,Kydia,$74.98,http://www.aldoshoes.com/us/en_US/Men/Boots/c/230/Kydia/p/48995561-97,Aldo,m
378,http://media.aldoshoes.com/product/ARMLEY/22/ARMLEY_22_RG_160.JPG,Armley,$79.98,http://www.aldoshoes.com/us/en_US/Men/Boots/c/230/Armley/p/49005064-22,Aldo,m
379,http://media.aldoshoes.com/product/ARMLEY/97/ARMLEY_97_RG_160.JPG,Armley,$79.98,http://www.aldoshoes.com/us/en_US/Men/Boots/c/230/Armley/p/49005064-97,Aldo,m
380,http://media.aldoshoes.com/product/SEVURIA/28/SEVURIA_28_RG_160.JPG,Sevuria,$139.99,http://www.aldoshoes.com/us/en_US/Men/Boots/c/230/Sevuria/p/49007051-28,Aldo,m
381,http://media.aldoshoes.com/product/SEVURIA/97/SEVURIA_97_RG_160.JPG,Sevuria,$139.99,http://www.aldoshoes.com/us/en_US/Men/Boots/c/230/Sevuria/p/49007051-97,Aldo,m
382,http://media.aldoshoes.com/product/Bordogna/28/BORDOGNA_28_RG_160.JPG,Bordogna,$150.00,http://www.aldoshoes.com/us/en_US/Men/Boots/c/230/Bordogna/p/49009727-28,Aldo,m
383,http://media.aldoshoes.com/product/Bordogna/97/BORDOGNA_97_RG_160.JPG,Bordogna,$150.00,http://www.aldoshoes.com/us/en_US/Men/Boots/c/230/Bordogna/p/49009727-97,Aldo,m
384,http://media.aldoshoes.com/product/BEODUCA/28/BEODUCA_28_RG_160.JPG,Beoduca,$160.00,http://www.aldoshoes.com/us/en_US/Men/Boots/c/230/Beoduca/p/49010680-28,Aldo,m
385,http://media.aldoshoes.com/product/Beoduca/97/BEODUCA_97_RG_160.JPG,Beoduca,$160.00,http://www.aldoshoes.com/us/en_US/Men/Boots/c/230/Beoduca/p/49010680-97,Aldo,m
386,http://media.aldoshoes.com/product/Abbon-U/12/ABBON-U_12_RG_160.JPG,Abbon-U,$45.00,http://www.aldoshoes.com/us/en_US/Men/Boots/c/230/Abbon-U/p/49058000-12,Aldo,m
387,http://media.aldoshoes.com/product/Abbon-U/28/ABBON-U_28_RG_160.JPG,Abbon-U,$45.00,http://www.aldoshoes.com/us/en_US/Men/Boots/c/230/Abbon-U/p/49058000-28,Aldo,m
388,http://media.aldoshoes.com/product/Vomero-U/20/VOMERO-U_20_RG_160.JPG,Vomero-U,$45.00,http://www.aldoshoes.com/us/en_US/Men/Boots/c/230/Vomero-U/p/49058350-20,Aldo,m
389,http://media.aldoshoes.com/product/Vomero-U/28/VOMERO-U_28_RG_160.JPG,Vomero-U,$45.00,http://www.aldoshoes.com/us/en_US/Men/Boots/c/230/Vomero-U/p/49058350-28,Aldo,m
390,http://media.aldoshoes.com/product/Houlihan/2/HOULIHAN_2_RG_160.JPG,Houlihan,$99.98,http://www.aldoshoes.com/us/en_US/Men/Boots/c/230/Houlihan/p/49134624-2,Aldo,m
391,http://media.aldoshoes.com/product/Houlihan/36/HOULIHAN_36_RG_160.JPG,Houlihan,$99.98,http://www.aldoshoes.com/us/en_US/Men/Boots/c/230/Houlihan/p/49134624-36,Aldo,m
392,http://media.aldoshoes.com/product/Vianello-R/36/VIANELLO-R_36_RG_160.JPG,Vianello-R,$155.00,http://www.aldoshoes.com/us/en_US/Men/Boots/c/230/Vianello-R/p/49992960-36,Aldo,m
393,http://media.aldoshoes.com/product/Vianello-R/91/VIANELLO-R_91_RG_160.JPG,Vianello-R,$155.00,http://www.aldoshoes.com/us/en_US/Men/Boots/c/230/Vianello-R/p/49992960-91,Aldo,m
394,http://media.aldoshoes.com/product/Miraenia/97/MIRAENIA_97_RG_160.JPG,Miraenia,$165.00,http://www.aldoshoes.com/us/en_US/Men/Boots/c/230/Miraenia/p/50447222-97,Aldo,m
395,http://media.aldoshoes.com/product/Turturro/36/TURTURRO_36_RG_160.JPG,Turturro,$165.00,http://www.aldoshoes.com/us/en_US/Men/Boots/c/230/Turturro/p/50449690-36,Aldo,m
396,http://media.aldoshoes.com/product/Turturro/97/TURTURRO_97_RG_160.JPG,Turturro,$165.00,http://www.aldoshoes.com/us/en_US/Men/Boots/c/230/Turturro/p/50449690-97,Aldo,m
397,http://media.aldoshoes.com/product/Swift/36/SWIFT_36_RG_160.JPG,Swift,$165.00,http://www.aldoshoes.com/us/en_US/Men/Boots/c/230/Swift/p/50453438-36,Aldo,m
398,http://media.aldoshoes.com/product/Swift/97/SWIFT_97_RG_160.JPG,Swift,$165.00,http://www.aldoshoes.com/us/en_US/Men/Boots/c/230/Swift/p/50453438-97,Aldo,m
